"id";"address";"latitude";"longitude";"created_at";"updated_at"
1;"Leandro N. Alem, Comisión Municipal de Leandro N. Alem, Ayacucho, San Luis, Argentina";"-32.48567372903023";"-66.05340957641603";"2025-05-05 12:27:54";"2025-05-05 12:27:54"
2;"Alto Pencoso, Comisión Municipal de Alto Pencoso, Juan Martín de Pueyrredón, San Luis, 5724, Argentina";"-33.432605309232116";"-66.926908493042";"2025-05-05 12:30:28";"2025-05-05 12:30:28"
3;"Ruta Provincial 15, Estancia Santa Paolina, Balde, Comisión Municipal de Balde, Juan Martín de Pueyrredón, San Luis, Argentina";"-33.340047603497254";"-66.62417292594911";"2025-05-05 12:33:00";"2025-05-05 12:33:00"
4;"Ruta Provincial 15, Comisión Municipal de Balde, Juan Martín de Pueyrredón, San Luis, Argentina";"-33.37571351707198";"-66.62944078445436";"2025-05-05 12:34:52";"2025-05-05 12:34:52"
5;"RP11, Beazley, Comisión Municipal de Beazley, Juan Martín de Pueyrredón, San Luis, Argentina";"-33.7592943028978";"-66.63705825805665";"2025-05-05 12:54:24";"2025-05-05 12:54:24"
6;"Lafinur, Estación, Candelaria, Municipio de Candelaria, Ayacucho, San Luis, 5713, Argentina";"-32.0618416297651";"-65.82540571689607";"2025-05-05 13:01:05";"2025-05-05 13:01:05"
7;"Candelaria, Municipio de Candelaria, Ayacucho, San Luis, 5713, Argentina";"-32.059373002471155";"-65.81196784973146";"2025-05-05 13:04:15";"2025-05-05 13:04:15"
8;"La Carolina, Comisión Municipal de Carolina, Coronel Pringles, San Luis, Argentina";"-32.81029405546766";"-66.09173834323884";"2025-05-05 14:18:44";"2025-05-05 14:18:44"
9;"Perilago Cruz de Piedra, Comisión Municipal de El Volcán, Juan Martín de Pueyrredón, San Luis, 5700, Argentina";"-33.254497472272625";"-66.21260404586793";"2025-05-05 14:25:30";"2025-05-05 14:25:30"
10;"Autopista de las Serranías Puntanas, Municipio de Desaguadero, Juan Martín de Pueyrredón, San Luis, Argentina";"-33.41281563419366";"-67.11856842041017";"2025-05-05 15:11:47";"2025-05-05 15:11:47"
11;"Balcarce, Cuatro Avenidas, San Luis, Municipio de San Luis, Juan Martín de Pueyrredón, San Luis, D5700, Argentina";"-33.30982768284573";"-66.33819580078126";"2025-05-05 15:14:59";"2025-05-05 15:14:59"
12;"1045, Pedernera, Cuatro Avenidas, San Luis, Municipio de San Luis, Juan Martín de Pueyrredón, San Luis, D5702JRP, Argentina";"-33.300399182644604";"-66.33892536163331";"2025-05-05 15:18:02";"2025-05-05 15:18:02"
13;"Leandro N. Alem, Pueblo Nuevo, San Luis, Municipio de San Luis, Juan Martín de Pueyrredón, San Luis, D5700HHW, Argentina";"-33.280386582710165";"-66.32239222526552";"2025-05-05 15:20:31";"2025-05-05 16:04:46"
14;"Leandro N. Alem, Pueblo Nuevo, El Fray, San Luis, Municipio de San Luis, Juan Martín de Pueyrredón, San Luis, D5700HHW, Argentina";"-33.28047627522425";"-66.32218837738039";"2025-05-05 15:24:49";"2025-05-05 15:24:49"
15;"Dominicos Puntanos Este, El Fray, Pueblo Nuevo, San Luis, Municipio de San Luis, Juan Martín de Pueyrredón, San Luis, D5700HHW, Argentina";"-33.28103236675461";"-66.32373332977296";"2025-05-05 16:04:03";"2025-05-05 16:04:03"
16;"Germán Ave Lallemant, Pueblo Nuevo, San Luis, Municipio de San Luis, Juan Martín de Pueyrredón, San Luis, D5700HHW, Argentina";"-33.28026998230405";"-66.32342219352724";"2025-05-05 16:25:32";"2025-05-05 16:25:32"
17;"Germán Ave Lallemant, Pueblo Nuevo, San Luis, Municipio de San Luis, Juan Martín de Pueyrredón, San Luis, D5700HHW, Argentina";"-33.28030585936867";"-66.32340073585512";"2025-05-05 16:26:49";"2025-05-05 16:26:49"
18;"Germán Ave Lallemant, Pueblo Nuevo, San Luis, Municipio de San Luis, Juan Martín de Pueyrredón, San Luis, D5700HHW, Argentina";"-33.28009059675974";"-66.32345438003541";"2025-05-05 16:27:43";"2025-05-05 16:27:43"
19;"Terminal de Omnibus de San Luis, Doctora María Delia Gatica de Montiveros, Alto Las Lomas, Terrazas del Portezuelo, San Luis, Municipio de San Luis, Juan Martín de Pueyrredón, San Luis, 5702, Argentina";"-33.29442233967484";"-66.29752278327943";"2025-05-05 16:29:54";"2025-05-05 16:29:54"
20;"Terminal de Omnibus de San Luis, Doctora María Delia Gatica de Montiveros, Alto Las Lomas, Terrazas del Portezuelo, San Luis, Municipio de San Luis, Juan Martín de Pueyrredón, San Luis, 5702, Argentina";"-33.294651018620264";"-66.2966698408127";"2025-05-05 16:31:13";"2025-05-05 16:31:13"
21;"Autopista 25 de Mayo, Loteo Sierras Marianas, Comisión Municipal de Villa de la Quebrada, Belgrano, San Luis, Argentina";"-33.09724014373431";"-66.29169702529909";"2025-05-05 16:40:17";"2025-05-05 16:40:17"
22;"Trapiche, El trapiche, Comisión Municipal de El Trapiche, Coronel Pringles, San Luis, Argentina";"-33.116580253807406";"-66.0652542114258";"2025-05-05 16:43:28";"2025-05-05 16:43:28"
23;"Ruta Provincial 9, Trapiche, El trapiche, Comisión Municipal de El Trapiche, Coronel Pringles, San Luis, Argentina";"-33.12427197656449";"-66.06123089790346";"2025-05-05 16:45:37";"2025-05-05 16:45:37"
24;"Avenida San Martín, Trapiche, El trapiche, Comisión Municipal de El Trapiche, Coronel Pringles, San Luis, Argentina";"-33.11040661989473";"-66.06164932250978";"2025-05-05 16:50:21";"2025-05-05 16:50:21"
25;"Ruta Provincial 9, Trapiche, El trapiche, Comisión Municipal de El Trapiche, Coronel Pringles, San Luis, Argentina";"-33.106146829150994";"-66.06315135955812";"2025-05-05 16:54:49";"2025-05-05 16:54:49"
26;"Ruta Provincial 9, El trapiche, Comisión Municipal de El Trapiche, Coronel Pringles, San Luis, Argentina";"-33.09845351927255";"-66.06182098388673";"2025-05-05 16:56:30";"2025-05-05 16:56:30"
27;"Ruta Provincial 9, Trapiche, El trapiche, Comisión Municipal de El Trapiche, Coronel Pringles, San Luis, Argentina";"-33.12509861695482";"-66.06135964393617";"2025-05-05 16:58:05";"2025-05-05 16:58:05"
28;"Avenida San Martín, Trapiche, El trapiche, Comisión Municipal de El Trapiche, Coronel Pringles, San Luis, Argentina";"-33.103073180989256";"-66.06360197067262";"2025-05-05 17:06:08";"2025-05-05 17:06:08"
29;"Ruta Provincial 9, El Volcán, Comisión Municipal de El Volcán, Juan Martín de Pueyrredón, San Luis, 5701, Argentina";"-33.253008121642765";"-66.17460250854494";"2025-05-05 17:11:56";"2025-05-05 17:11:56"
30;"El Volcán, Comisión Municipal de El Volcán, Juan Martín de Pueyrredón, San Luis, 5701, Argentina";"-33.24801950932863";"-66.1791515350342";"2025-05-05 17:14:29";"2025-05-05 17:14:29"
31;"El Volcán, Comisión Municipal de El Volcán, Juan Martín de Pueyrredón, San Luis, Argentina";"-33.251177800559205";"-66.18071794509889";"2025-05-05 17:16:24";"2025-05-05 17:16:24"
32;"San Miguel Arcángel, El Volcán, Comisión Municipal de El Volcán, Juan Martín de Pueyrredón, San Luis, 5700, Argentina";"-33.24687101149177";"-66.19648933410646";"2025-05-05 17:19:25";"2025-05-05 17:19:25"
33;"Ruta Provincial 9, Municipio de Estancia Grande, Coronel Pringles, San Luis, 5701, Argentina";"-33.179082935118565";"-66.10456466674806";"2025-05-05 17:25:17";"2025-05-05 17:32:07"
34;"RP18, Municipio de Estancia Grande, Coronel Pringles, San Luis, 5701, Argentina";"-33.23897468032944";"-66.179838180542";"2025-05-05 17:29:14";"2025-05-05 17:29:14"
35;"RP18, Municipio de Estancia Grande, Coronel Pringles, San Luis, 5701, Argentina";"-33.238920839259656";"-66.17985963821413";"2025-05-05 17:36:27";"2025-05-05 17:36:27"
36;"Ruta Provincial 9, Municipio de Estancia Grande, Coronel Pringles, San Luis, 5701, Argentina";"-33.19818954923578";"-66.12507820129396";"2025-05-05 17:39:54";"2025-05-05 17:39:54"
37;"El Amparo, Municipio de Estancia Grande, Coronel Pringles, San Luis, 5701, Argentina";"-33.189786025615206";"-66.15271568298341";"2025-05-05 17:41:00";"2025-05-05 17:41:00"
38;"América, Juana Koslay, Municipio de Juana Koslay, Juan Martín de Pueyrredón, San Luis, Argentina";"-33.29653871799807";"-66.27401590347291";"2025-05-05 17:46:33";"2025-05-05 17:46:33"
39;"20 de Noviembre, El Chorrillo, Juana Koslay, Municipio de Juana Koslay, Juan Martín de Pueyrredón, San Luis, Argentina";"-33.293247548192255";"-66.26633405685426";"2025-05-05 17:48:25";"2025-05-05 17:48:25"
40;"María Reina de la Paz, San Roque, Juana Koslay, Municipio de Juana Koslay, Juan Martín de Pueyrredón, San Luis, 5700, Argentina";"-33.277991758503205";"-66.24906063079835";"2025-05-05 17:50:42";"2025-05-05 17:50:42"
41;"Avenida Los Eucaliptos, Las Chacras, Municipio de Juana Koslay, Juan Martín de Pueyrredón, San Luis, 5700, Argentina";"-33.27589286978444";"-66.23116493225099";"2025-05-05 17:52:02";"2025-05-05 17:52:02"
42;"Avenida San Roque, Las Chacras, Municipio de Juana Koslay, Juan Martín de Pueyrredón, San Luis, 5700, Argentina";"-33.27622474870972";"-66.23556375503541";"2025-05-05 17:53:22";"2025-05-05 17:53:22"
43;"Avenida Cruz de Piedra, Las Chacras, Municipio de Juana Koslay, Juan Martín de Pueyrredón, San Luis, 5700, Argentina";"-33.26406101050157";"-66.22974872589113";"2025-05-05 17:54:54";"2025-05-05 17:54:54"
44;"Avenida Cruz de Piedra, Las Chacras, Municipio de Juana Koslay, Juan Martín de Pueyrredón, San Luis, 5700, Argentina";"-33.26316391257932";"-66.2208652496338";"2025-05-05 17:58:49";"2025-05-05 17:58:49"
45;"La Pancha Hernández, Las Chacras, Municipio de Juana Koslay, Juan Martín de Pueyrredón, San Luis, 5700, Argentina";"-33.26052639132412";"-66.23970508575441";"2025-05-05 18:01:17";"2025-05-05 18:01:17"
46;"La Joaquina Open Mall, 1653, Avenida del Viento Chorrillero, Barrio Juan Francisco Oyola, San Roque, Juana Koslay, Municipio de Juana Koslay, Juan Martín de Pueyrredón, San Luis, 5701, Argentina";"-33.29014458775162";"-66.25899553298952";"2025-05-05 18:05:30";"2025-05-05 18:05:30"
47;"Avenida del Portezuelo, Villa Antonio, Las Chacras, Municipio de Juana Koslay, Juan Martín de Pueyrredón, San Luis, 5700, Argentina";"-33.25647127134021";"-66.23785972595216";"2025-05-05 18:08:35";"2025-05-05 18:08:35"
48;"Avenida del Viento Chorrillero, Barrio Juan Francisco Oyola, San Roque, Juana Koslay, Municipio de Juana Koslay, Juan Martín de Pueyrredón, San Luis, 5700, Argentina";"-33.28045833672881";"-66.24240875244142";"2025-05-05 18:10:33";"2025-05-05 18:10:33"
49;"Avenida del Viento Chorrillero, Barrio Juan Francisco Oyola, San Roque, Juana Koslay, Municipio de Juana Koslay, Juan Martín de Pueyrredón, San Luis, 5700, Argentina";"-33.296224851574024";"-66.27283573150636";"2025-05-05 18:11:49";"2025-05-05 18:11:49"
50;"Avenida Teniente Juan D. Perón, Las Chacras, Municipio de Juana Koslay, Juan Martín de Pueyrredón, San Luis, 5700, Argentina";"-33.26696754448063";"-66.23189449310304";"2025-05-05 18:14:23";"2025-05-05 18:14:23"
51;"Avenida Central Los Nogales, El Chorrillo, Juana Koslay, Municipio de Juana Koslay, Juan Martín de Pueyrredón, San Luis, 5700, Argentina";"-33.2842791530242";"-66.25603437423707";"2025-05-05 18:16:29";"2025-05-05 18:16:29"
52;"Avenida del Portezuelo, Las Chacras, Municipio de Juana Koslay, Juan Martín de Pueyrredón, San Luis, 5700, Argentina";"-33.25347466794413";"-66.2589740753174";"2025-05-05 18:20:33";"2025-05-05 18:20:33"
53;"Aguada de Pueyrredón, Barrio Juan Francisco Oyola, San Roque, San Luis, Juana Koslay, Municipio de Juana Koslay, Juan Martín de Pueyrredón, San Luis, 5700, Argentina";"-33.28555272128733";"-66.26476764678956";"2025-05-05 18:25:57";"2025-05-05 18:25:57"
54;"Ejército Argentino, El Chorrillo, Municipio de Juana Koslay, Juan Martín de Pueyrredón, San Luis, Argentina";"-33.303183453530245";"-66.26026153564455";"2025-05-05 18:28:07";"2025-05-05 18:28:07"
55;"Autopista Los Puquios, Barrio Juan Francisco Oyola, San Roque, Municipio de Juana Koslay, Juan Martín de Pueyrredón, San Luis, 5700, Argentina";"-33.28930156787621";"-66.24231219291688";"2025-05-05 18:31:08";"2025-05-05 18:31:08"
56;"Autopista Los Puquios, Barrio Juan Francisco Oyola, San Roque, Municipio de Juana Koslay, Juan Martín de Pueyrredón, San Luis, 5700, Argentina";"-33.27733698239544";"-66.22524261474611";"2025-05-05 18:32:34";"2025-05-05 18:32:34"
57;"Las Chacras, Municipio de Juana Koslay, Juan Martín de Pueyrredón, San Luis, 5700, Argentina";"-33.2699905960227";"-66.22906208038331";"2025-05-05 18:35:02";"2025-05-05 18:35:02"
58;"La Pancha Hernández, Las Chacras, Municipio de Juana Koslay, Juan Martín de Pueyrredón, San Luis, 5700, Argentina";"-33.27104011763393";"-66.23399734497072";"2025-05-05 18:37:54";"2025-05-05 18:37:54"
59;"Avenida Teniente Juan D. Perón, Las Chacras, Municipio de Juana Koslay, Juan Martín de Pueyrredón, San Luis, 5700, Argentina";"-33.26849253905068";"-66.23243093490602";"2025-05-05 18:39:49";"2025-05-05 18:39:49"
60;"Guerrero, Las Chacras, Municipio de Juana Koslay, Juan Martín de Pueyrredón, San Luis, 5700, Argentina";"-33.2653707569217";"-66.23688340187074";"2025-05-05 18:41:23";"2025-05-05 18:41:23"
61;"Avenida Los Eucaliptos, Las Chacras, Municipio de Juana Koslay, Juan Martín de Pueyrredón, San Luis, 5700, Argentina";"-33.26685989679889";"-66.22717380523683";"2025-05-05 18:43:41";"2025-05-05 18:43:41"
62;"Boulevard José Toribio Videla, El Chorrillo, Juana Koslay, Municipio de Juana Koslay, Juan Martín de Pueyrredón, San Luis, 5700, Argentina";"-33.28696976835577";"-66.25208616256715";"2025-05-05 18:49:13";"2025-05-05 18:49:13"
63;"Aguada de Pueyrredón, Barrio Juan Francisco Oyola, San Roque, San Luis, Juana Koslay, Municipio de Juana Koslay, Juan Martín de Pueyrredón, San Luis, 5700, Argentina";"-33.29125664406502";"-66.27457380294801";"2025-05-05 18:50:32";"2025-05-05 18:50:32"
64;"20 de Noviembre, El Chorrillo, Juana Koslay, Municipio de Juana Koslay, Juan Martín de Pueyrredón, San Luis, Argentina";"-33.28890696002972";"-66.26734256744386";"2025-05-05 18:52:15";"2025-05-05 18:52:15"
65;"Las Chacras, Municipio de Juana Koslay, Juan Martín de Pueyrredón, San Luis, 5700, Argentina";"-33.26764931005039";"-66.22477054595949";"2025-05-05 18:54:29";"2025-05-05 18:54:29"
66;"Aguada de Pueyrredón, Barrio Juan Francisco Oyola, San Roque, San Luis, Juana Koslay, Municipio de Juana Koslay, Juan Martín de Pueyrredón, San Luis, 5700, Argentina";"-33.28131041119127";"-66.25491857528688";"2025-05-05 18:56:13";"2025-05-05 18:56:13"
67;"Municipio de Juana Koslay, Juan Martín de Pueyrredón, San Luis, 5700, Argentina";"-33.27073512974797";"-66.210994720459";"2025-05-05 18:57:29";"2025-05-05 18:57:29"
68;"Avenida del Portezuelo, Las Chacras, Municipio de Juana Koslay, Juan Martín de Pueyrredón, San Luis, 5700, Argentina";"-33.25821176624841";"-66.24142169952394";"2025-05-05 18:59:39";"2025-05-05 18:59:39"
69;"Las Chacras, Municipio de Juana Koslay, Juan Martín de Pueyrredón, San Luis, 5700, Argentina";"-33.251177800559205";"-66.2274742126465";"2025-05-05 19:01:17";"2025-05-05 19:01:17"
70;"Aguada de Pueyrredón, Barrio Juan Francisco Oyola, San Roque, San Luis, Juana Koslay, Municipio de Juana Koslay, Juan Martín de Pueyrredón, San Luis, 5700, Argentina";"-33.28986657145875";"-66.27093672752382";"2025-05-05 19:06:27";"2025-05-05 19:06:27"
71;"Autopista de las Serranías Puntanas, La Cumbre, Juan Martín de Pueyrredón, San Luis, Argentina";"-33.344098839874086";"-66.1199712753296";"2025-05-06 11:03:56";"2025-05-06 11:03:56"
72;"RN146;RNV146, Pozo del Carril, Municipio de La Punta, Juan Martín de Pueyrredón, San Luis, 5710, Argentina";"-33.199213000229925";"-66.35311961174013";"2025-05-06 11:06:17";"2025-05-06 11:06:17"
73;"Segundo Anillo Comercial, Área Comercial La Punta, La Punta, Municipio de La Punta, Juan Martín de Pueyrredón, San Luis, D5710, Argentina";"-33.183500812149575";"-66.31200671195985";"2025-05-06 11:08:43";"2025-05-06 11:08:43"
74;"Calle 22 Oeste, La Punta, Municipio de La Punta, Juan Martín de Pueyrredón, San Luis, D5710, Argentina";"-33.185907204293656";"-66.32184505462648";"2025-05-06 11:12:59";"2025-05-06 11:12:59"
75;"La Punta, Municipio de La Punta, Juan Martín de Pueyrredón, San Luis, D5710, Argentina";"-33.18115721000192";"-66.30525827407838";"2025-05-06 11:18:51";"2025-05-06 11:18:51"
76;"Autopista 25 de Mayo, Municipio de La Punta, Juan Martín de Pueyrredón, San Luis, D5710, Argentina";"-33.18245921893432";"-66.28540992736818";"2025-05-06 11:23:31";"2025-05-06 11:23:31"
77;"Calle 9, La Punta, Municipio de La Punta, Juan Martín de Pueyrredón, San Luis, D5710, Argentina";"-33.17408112663982";"-66.30711436271669";"2025-05-06 11:31:31";"2025-05-06 11:31:31"
78;"Registro Civil - Suc. La Punta, Calle 9, La Punta, Municipio de La Punta, Juan Martín de Pueyrredón, San Luis, 5710, Argentina";"-33.17711636943182";"-66.3162660598755";"2025-05-06 11:34:10";"2025-05-06 11:34:10"
79;"La Punta, Municipio de La Punta, Juan Martín de Pueyrredón, San Luis, 5710, Argentina";"-33.16426525805802";"-66.31686687469484";"2025-05-06 11:36:30";"2025-05-06 11:36:30"
80;"Aiello, Avenida La Serrana, Área Comercial La Punta, La Punta, Municipio de La Punta, Juan Martín de Pueyrredón, San Luis, D5710, Argentina";"-33.18187107246771";"-66.31354093551637";"2025-05-06 11:38:36";"2025-05-06 11:38:36"
81;"Municipio de La Punta, Juan Martín de Pueyrredón, San Luis, D5710, Argentina";"-33.1868499891644";"-66.28306031227113";"2025-05-06 11:40:18";"2025-05-06 11:40:18"
82;"Boulevard Tobar García, Área Comercial La Punta, La Punta, Municipio de La Punta, Juan Martín de Pueyrredón, San Luis, D5710, Argentina";"-33.18491053496924";"-66.31744086742403";"2025-05-06 11:43:21";"2025-05-06 11:43:21"
83;"YPF, Segundo Anillo Comercial, Área Comercial La Punta, La Punta, Municipio de La Punta, Juan Martín de Pueyrredón, San Luis, D5710, Argentina";"-33.18319551886932";"-66.31140589714052";"2025-05-06 11:48:19";"2025-05-06 11:48:19"
84;"Avenida La Serrana, Área Comercial La Punta, La Punta, Municipio de La Punta, Juan Martín de Pueyrredón, San Luis, D5710, Argentina";"-33.18689488342897";"-66.3113307952881";"2025-05-06 11:50:26";"2025-05-06 11:50:26"
85;"La Punta, Municipio de La Punta, Juan Martín de Pueyrredón, San Luis, D5710, Argentina";"-33.173950914168515";"-66.29815578460695";"2025-05-06 11:52:57";"2025-05-06 11:52:57"
86;"Estadio Provincial Juan Gilberto Funes, Boulevard Las Cañadas, La Punta, Municipio de La Punta, Juan Martín de Pueyrredón, San Luis, D5710, Argentina";"-33.19298233261294";"-66.31313323974611";"2025-05-06 11:54:33";"2025-05-06 11:54:33"
87;"Avenida Universitaria, La Candelaria, Municipio de La Punta, Juan Martín de Pueyrredón, San Luis, 5710, Argentina";"-33.15862490227267";"-66.32255315780641";"2025-05-06 12:01:30";"2025-05-06 12:01:30"
88;"Calle 5 Sur, Área Comercial La Punta, La Punta, Municipio de La Punta, Juan Martín de Pueyrredón, San Luis, D5710, Argentina";"-33.18876246444828";"-66.32918357849123";"2025-05-06 12:03:49";"2025-05-06 12:03:49"
89;"Calle 40 Oeste, La Punta, Municipio de La Punta, Juan Martín de Pueyrredón, San Luis, D5710, Argentina";"-33.18632023510492";"-66.32675886154176";"2025-05-06 12:10:30";"2025-05-06 12:10:30"
90;"RP3, Municipio de La Punta, Juan Martín de Pueyrredón, San Luis, D5710, Argentina";"-33.172976559536544";"-66.29143953323366";"2025-05-06 12:13:11";"2025-05-06 12:13:11"
91;"Boulevard Tobar García, Área Comercial La Punta, La Punta, Municipio de La Punta, Juan Martín de Pueyrredón, San Luis, D5710, Argentina";"-33.18432689451526";"-66.31538629531862";"2025-05-06 12:15:24";"2025-05-06 12:15:24"
92;"Avenida La Serrana, Área Comercial La Punta, La Punta, Municipio de La Punta, Juan Martín de Pueyrredón, San Luis, D5710, Argentina";"-33.18039395439114";"-66.31423830986024";"2025-05-06 12:19:14";"2025-05-06 12:19:14"
93;"Boulevard Tobar García, Área Comercial La Punta, La Punta, Municipio de La Punta, Juan Martín de Pueyrredón, San Luis, D5710, Argentina";"-33.18245921893432";"-66.30811214447023";"2025-05-06 12:26:18";"2025-05-06 12:26:18"
94;"Hospital “Dra. María Juliana Becker”, Calle 5 Sur, Área Comercial La Punta, La Punta, Municipio de La Punta, Juan Martín de Pueyrredón, San Luis, 5710, Argentina";"-33.185440297553406";"-66.30924940109254";"2025-05-06 12:38:51";"2025-05-06 12:38:51"
95;"Calle 40 este, La Punta, Municipio de La Punta, Juan Martín de Pueyrredón, San Luis, D5710, Argentina";"-33.17846333699293";"-66.29729747772218";"2025-05-06 12:40:54";"2025-05-06 12:40:54"
96;"La Punta, Municipio de La Punta, Juan Martín de Pueyrredón, San Luis, D5710, Argentina";"-33.18292614156212";"-66.32392644882204";"2025-05-06 12:44:35";"2025-05-06 12:44:35"
97;"La Punta, Municipio de La Punta, Juan Martín de Pueyrredón, San Luis, 5710, Argentina";"-33.16668115933744";"-66.31494641304018";"2025-05-06 12:46:36";"2025-05-06 12:46:36"
98;"Barrio UOCRA, La Punta, Municipio de La Punta, Juan Martín de Pueyrredón, San Luis, 5710, Argentina";"-33.17558080115764";"-66.32493495941164";"2025-05-06 12:49:41";"2025-05-06 12:49:41"
99;"Calle 18 Oeste, La Punta, Municipio de La Punta, Juan Martín de Pueyrredón, San Luis, D5710, Argentina";"-33.18664796468912";"-66.31938278675081";"2025-05-06 12:52:09";"2025-05-06 12:52:09"
100;"Universidad de La Punta, Avenida Universitaria, La Candelaria, Municipio de La Punta, Juan Martín de Pueyrredón, San Luis, 5710, Argentina";"-33.15007386217627";"-66.30938887596132";"2025-05-06 12:54:25";"2025-05-06 12:54:25"
101;"La Punta, Municipio de La Punta, Juan Martín de Pueyrredón, San Luis, 5710, Argentina";"-33.16577408153231";"-66.33317470550539";"2025-05-06 12:56:19";"2025-05-06 12:56:19"
102;"E.P.A. N 14 Martin Luther King, Calle 44 oeste, La Punta, Municipio de La Punta, Juan Martín de Pueyrredón, San Luis, 5710, Argentina";"-33.17488035757067";"-66.33656501770021";"2025-05-06 13:01:06";"2025-05-06 13:01:06"
103;"Avenida La Serrana, La Punta, Municipio de La Punta, Juan Martín de Pueyrredón, San Luis, 5710, Argentina";"-33.17211444871053";"-66.31862640380861";"2025-05-06 13:03:19";"2025-05-06 13:03:19"
104;"Boulevard Las Cañadas, Municipio de La Punta, Juan Martín de Pueyrredón, San Luis, 5710, Argentina";"-33.19240772422457";"-66.32454872131349";"2025-05-06 13:05:37";"2025-05-06 13:05:37"
105;"Boulevard Las Cañadas, La Punta, Municipio de La Punta, Juan Martín de Pueyrredón, San Luis, D5710, Argentina";"-33.19129440974414";"-66.30950689315797";"2025-05-06 13:06:51";"2025-05-06 13:06:51"
106;"Autopista 25 de Mayo, Aguadita del Portezuelo, Villa Aguadita del Portezuelo, San Luis, Municipio de San Luis, Municipio de La Punta, Juan Martín de Pueyrredón, San Luis, D5710, Argentina";"-33.220020575634635";"-66.29347801208498";"2025-05-06 13:10:31";"2025-05-06 13:10:31"
107;"Boulevard Tobar García, Área Comercial La Punta, La Punta, Municipio de La Punta, Juan Martín de Pueyrredón, San Luis, D5710, Argentina";"-33.179962936520646";"-66.30205035209657";"2025-05-06 13:12:28";"2025-05-06 13:12:28"
108;"Calle 5 Sur, Área Comercial La Punta, La Punta, Municipio de La Punta, Juan Martín de Pueyrredón, San Luis, D5710, Argentina";"-33.189085695582634";"-66.32349729537965";"2025-05-06 13:14:55";"2025-05-06 13:14:55"
109;"Barrio UOCRA, La Punta, Municipio de La Punta, Juan Martín de Pueyrredón, San Luis, 5710, Argentina";"-33.175760401175644";"-66.32172703742982";"2025-05-06 13:16:22";"2025-05-06 13:16:22"
110;"La Punta, Municipio de La Punta, Juan Martín de Pueyrredón, San Luis, D5710, Argentina";"-33.17118048574664";"-66.31210327148439";"2025-05-06 13:19:56";"2025-05-06 13:19:56"
111;"Hipólito Yrigoyen, La Toma, Municipio de La Toma, Coronel Pringles, San Luis, 5750, Argentina";"-33.05348452409844";"-65.62435269355775";"2025-05-06 13:29:17";"2025-05-06 13:29:17"
112;"Balcarce, La Toma, Municipio de La Toma, Coronel Pringles, San Luis, 5750, Argentina";"-33.05602936495092";"-65.61828017234804";"2025-05-06 13:31:19";"2025-05-06 13:31:19"
113;"Ruta Provincial 2, La Toma, Municipio de La Toma, Coronel Pringles, San Luis, 5750, Argentina";"-33.046802842756556";"-65.62363386154176";"2025-05-06 13:32:33";"2025-05-06 13:32:33"
114;"Las Heras, La Toma, Municipio de La Toma, Coronel Pringles, San Luis, 5750, Argentina";"-33.05093960969037";"-65.62144517898561";"2025-05-06 13:34:40";"2025-05-06 13:34:40"
115;"Comisión Municipal de El Volcán, Juan Martín de Pueyrredón, San Luis, Argentina";"-33.27550717106998";"-66.15897059440614";"2025-05-06 13:37:25";"2025-05-06 13:37:25"
116;"Municipio de Juana Koslay, Juan Martín de Pueyrredón, San Luis, Argentina";"-33.27450255246586";"-66.17850780487062";"2025-05-06 13:38:52";"2025-05-06 13:38:52"
117;"Luján, Municipio de Luján, Ayacucho, San Luis, Argentina";"-32.36557198134072";"-65.93586444854738";"2025-05-06 13:43:40";"2025-05-06 13:43:40"
118;"Luján, Municipio de Luján, Ayacucho, San Luis, Argentina";"-32.36739344682092";"-65.94256997108461";"2025-05-06 14:11:51";"2025-05-06 14:11:51"
119;"Luján, Municipio de Luján, Ayacucho, San Luis, Argentina";"-32.362948462832954";"-65.94479620456697";"2025-05-06 14:14:16";"2025-05-06 14:14:16"
120;"Ruta Provincial 3, Nogolí, Comisión Municipal de Nogolí, Belgrano, San Luis, Argentina";"-32.91826860976804";"-66.3252353668213";"2025-05-06 14:16:35";"2025-05-06 14:16:35"
121;"Ruta Provincial 3, Nogolí, Comisión Municipal de Nogolí, Belgrano, San Luis, Argentina";"-32.91439582236248";"-66.32291793823244";"2025-05-06 14:18:12";"2025-05-06 14:18:12"
122;"Catamarca, Parque de las Naciones, San Luis, Municipio de San Luis, Juan Martín de Pueyrredón, San Luis, D5700HHW, Argentina";"-33.29059299926066";"-66.31045103073122";"2025-05-06 14:22:18";"2025-05-06 14:22:18"
123;"Catamarca, Parque de las Naciones, San Luis, Municipio de San Luis, Juan Martín de Pueyrredón, San Luis, D5700HHW, Argentina";"-33.290610935673094";"-66.31115913391115";"2025-05-06 14:23:15";"2025-05-06 14:23:15"
124;"Provincia de la Pampa, Parque de las Naciones, AMPPYA, San Luis, Municipio de San Luis, Juan Martín de Pueyrredón, San Luis, D5700HHW, Argentina";"-33.28926569450935";"-66.31283283233644";"2025-05-06 14:24:23";"2025-05-06 14:24:23"
125;"Provincia de la Pampa, Parque de las Naciones, San Luis, Municipio de San Luis, Juan Martín de Pueyrredón, San Luis, D5700HHW, Argentina";"-33.28966030073356";"-66.31294012069704";"2025-05-06 14:25:26";"2025-05-06 14:25:26"
126;"Catamarca, Parque de las Naciones, San Luis, Municipio de San Luis, Juan Martín de Pueyrredón, San Luis, D5700HHW, Argentina";"-33.29082617233467";"-66.31261825561525";"2025-05-06 14:26:58";"2025-05-06 14:26:58"
127;"Riobamba, Pueyrredón, San Luis, Municipio de San Luis, Juan Martín de Pueyrredón, San Luis, D5700HHW, Argentina";"-33.290736490456865";"-66.31478548049928";"2025-05-06 14:27:56";"2025-05-06 14:27:56"
128;"Rastreador Rufino Natel, Parque de las Naciones, San Luis, Municipio de San Luis, Juan Martín de Pueyrredón, San Luis, D5700HHW, Argentina";"-33.29165124128551";"-66.31452798843385";"2025-05-06 14:28:59";"2025-05-06 14:28:59"
129;"RP18, Potrero de los Funes, Comisión Municipal de Potrero de los Funes, Juan Martín de Pueyrredón, San Luis, 5700, Argentina";"-33.23280068825206";"-66.2239980697632";"2025-05-06 14:31:40";"2025-05-06 14:31:40"
130;"Avenida Circuito del Lago, Comisión Municipal de Potrero de los Funes, Juan Martín de Pueyrredón, San Luis, 5700, Argentina";"-33.23503522118706";"-66.23222708702089";"2025-05-06 14:35:15";"2025-05-06 14:35:15"
131;"Los Paraísos, Potrero de los Funes, Comisión Municipal de Potrero de los Funes, Juan Martín de Pueyrredón, San Luis, 5700, Argentina";"-33.21179867366245";"-66.23221635818483";"2025-05-06 14:37:45";"2025-05-06 14:37:45"
132;"Los Jazmines, Potrero de los Funes, Comisión Municipal de Potrero de los Funes, Juan Martín de Pueyrredón, San Luis, 5700, Argentina";"-33.223449131810945";"-66.22308611869813";"2025-05-06 14:39:45";"2025-05-06 14:39:45"
133;"Los Sauces, Potrero de los Funes, Comisión Municipal de Potrero de los Funes, Juan Martín de Pueyrredón, San Luis, 5700, Argentina";"-33.21472489762514";"-66.22923374176027";"2025-05-06 14:41:34";"2025-05-06 14:41:34"
134;"Avenida Circuito del Lago, Potrero de los Funes, Comisión Municipal de Potrero de los Funes, Juan Martín de Pueyrredón, San Luis, 5700, Argentina";"-33.22562107954926";"-66.23923301696779";"2025-05-06 14:43:54";"2025-05-06 14:43:54"
135;"Pit Lane, Potrero de los Funes, Comisión Municipal de Potrero de los Funes, Juan Martín de Pueyrredón, San Luis, 5700, Argentina";"-33.22414918697163";"-66.23814940452577";"2025-05-06 14:46:20";"2025-05-06 14:46:20"
136;"Potrero de los Funes, Comisión Municipal de Potrero de los Funes, Juan Martín de Pueyrredón, San Luis, 5700, Argentina";"-33.2246607622";"-66.24319195747377";"2025-05-06 14:49:15";"2025-05-06 14:49:15"
137;"Potrero de los Funes, Comisión Municipal de Potrero de los Funes, Juan Martín de Pueyrredón, San Luis, 5700, Argentina";"-33.22039754388292";"-66.23900771141054";"2025-05-06 14:53:12";"2025-05-06 14:53:12"
138;"Avenida Circuito del Lago, Potrero de los Funes, Comisión Municipal de Potrero de los Funes, Juan Martín de Pueyrredón, San Luis, 5700, Argentina";"-33.22310807726727";"-66.22771024703981";"2025-05-06 14:55:30";"2025-05-06 14:55:30"
139;"Ruta Nacional 20, Municipio de Quines, Ayacucho, San Luis, 5711, Argentina";"-32.248631541633756";"-65.80598115921022";"2025-05-06 15:04:42";"2025-05-06 15:04:42"
140;"Avenida Perón, Quines, Municipio de Quines, Ayacucho, San Luis, 5711, Argentina";"-32.2367622201768";"-65.80580949783327";"2025-05-06 15:08:53";"2025-05-06 15:08:53"
141;"Sarmiento, Quines, Municipio de Quines, Ayacucho, San Luis, 5711, Argentina";"-32.23342255966773";"-65.804500579834";"2025-05-06 15:10:55";"2025-05-06 15:10:55"
142;"25 de Mayo, Quines, Municipio de Quines, Ayacucho, San Luis, 5711, Argentina";"-32.232351664274866";"-65.80437183380128";"2025-05-06 15:12:42";"2025-05-06 15:12:42"
143;"Cabaña Don Alonso, 43, Ruta Provincial 9, El trapiche, Comisión Municipal de El Trapiche, Coronel Pringles, San Luis, 5701, Argentina";"-33.07456941219158";"-66.06791496276857";"2025-05-06 15:29:14";"2025-05-06 15:29:14"
144;"Saladillo, Comisión Municipal de Saladillo, Coronel Pringles, San Luis, Argentina";"-33.20198703092527";"-65.85510849952699";"2025-05-06 15:32:24";"2025-05-06 15:32:24"
145;"San Francisco del Monte de Oro, Municipio de San Francisco del Monte de Oro, Ayacucho, San Luis, Argentina";"-32.591153479509046";"-66.12776041030885";"2025-05-06 15:35:25";"2025-05-06 15:35:25"
146;"25 de Mayo, San Francisco del Monte de Oro, Municipio de San Francisco del Monte de Oro, Ayacucho, San Luis, Argentina";"-32.60176061815796";"-66.12699866294862";"2025-05-06 15:37:33";"2025-05-06 15:37:33"
147;"Sarmiento, San Francisco del Monte de Oro, Municipio de San Francisco del Monte de Oro, Ayacucho, San Luis, Argentina";"-32.59983090836305";"-66.1275351047516";"2025-05-06 15:39:34";"2025-05-06 15:39:34"
148;"Miguel B. Pastor, Las Chacras, San Francisco del Monte de Oro, Municipio de San Francisco del Monte de Oro, Ayacucho, San Luis, Argentina";"-32.61101089790082";"-66.12635493278505";"2025-05-06 15:41:54";"2025-05-06 15:41:54"
149;"Comisión Municipal de San Jerónimo, Juan Martín de Pueyrredón, San Luis, Argentina";"-33.138215998789214";"-66.52257084846498";"2025-05-06 15:45:56";"2025-05-06 15:45:56"
150;"San Gerónimo, Comisión Municipal de San Jerónimo, Juan Martín de Pueyrredón, San Luis, Argentina";"-33.138907751498614";"-66.51461005210878";"2025-05-06 15:47:42";"2025-05-06 15:47:42"
151;"Cerros del Sol, Terrazas del Portezuelo, San Luis, Municipio de San Luis, Juan Martín de Pueyrredón, San Luis, 5702, Argentina";"-33.301089654243775";"-66.29313468933107";"2025-05-06 15:56:57";"2025-05-06 15:56:57"
152;"2, Avenida Presidente Illia, Cuatro Avenidas, San Luis, Municipio de San Luis, Juan Martín de Pueyrredón, San Luis, D5702JRP, Argentina";"-33.30165906502151";"-66.33802413940431";"2025-05-06 15:57:48";"2025-05-06 15:57:48"
153;"901, Pedernera, Cuatro Avenidas, San Luis, Municipio de San Luis, Juan Martín de Pueyrredón, San Luis, D5702JRP, Argentina";"-33.30018396960024";"-66.33680105209352";"2025-05-06 15:59:02";"2025-05-06 15:59:02"
154;"1001, Pringles, Cuatro Avenidas, La Merced, San Luis, Municipio de San Luis, Juan Martín de Pueyrredón, San Luis, D5702JRP, Argentina";"-33.3027933919484";"-66.33746087551118";"2025-05-06 16:00:02";"2025-05-06 16:00:02"
155;"902, 9 de Julio, Cuatro Avenidas, San Luis, Municipio de San Luis, Juan Martín de Pueyrredón, San Luis, D5700, Argentina";"-33.306832910705765";"-66.33494496345521";"2025-05-06 16:01:19";"2025-05-06 16:01:19"
156;"1002, San Martín, Cuatro Avenidas, San Luis, Municipio de San Luis, Juan Martín de Pueyrredón, San Luis, D5702JRP, Argentina";"-33.299152733061185";"-66.33853375911714";"2025-05-06 16:02:47";"2025-05-06 16:02:47"
157;"901, Belgrano, Cuatro Avenidas, San Luis, Municipio de San Luis, Juan Martín de Pueyrredón, San Luis, D5702JRP, Argentina";"-33.3040532397408";"-66.33568525314332";"2025-05-06 16:37:11";"2025-05-06 16:37:11"
158;"1000, Las Heras, Cuatro Avenidas, Antártida Argentina, San Luis, Municipio de San Luis, Juan Martín de Pueyrredón, San Luis, D5702JRP, Argentina";"-33.29642213917239";"-66.33932232856752";"2025-05-06 16:38:22";"2025-05-06 16:38:22"
159;"Avenida Lafinur Sur, La Merced, San Luis, Municipio de San Luis, Juan Martín de Pueyrredón, San Luis, D5700, Argentina";"-33.316767268423504";"-66.34303450584413";"2025-05-06 16:51:24";"2025-05-06 16:51:24"
160;"Ruta Nacional 147, Alto Las Lomas, Terrazas del Portezuelo, San Luis, Municipio de San Luis, Juan Martín de Pueyrredón, San Luis, 5702, Argentina";"-33.294126401326274";"-66.3009023666382";"2025-05-06 16:54:36";"2025-05-06 16:54:36"
161;"1399, San Martín, Cuatro Avenidas, San Luis, Municipio de San Luis, Juan Martín de Pueyrredón, San Luis, D5702JRP, Argentina";"-33.29338206710291";"-66.34012699127199";"2025-05-06 16:57:15";"2025-05-06 16:57:15"
162;"ATE, Antártida Argentina, San Luis, Municipio de San Luis, Juan Martín de Pueyrredón, San Luis, D5702JRP, Argentina";"-33.294269886711554";"-66.34828090667726";"2025-05-06 17:00:35";"2025-05-06 17:00:35"
163;"Avenida Fuerza Aérea, Viviendas Productivas, San Luis, Municipio de San Luis, Juan Martín de Pueyrredón, San Luis, D5700HHW, Argentina";"-33.270322497383205";"-66.3439464569092";"2025-05-06 17:01:54";"2025-05-06 17:01:54"
164;"Riobamba, 70 Viviendas, San Luis, Municipio de San Luis, Juan Martín de Pueyrredón, San Luis, D5700HHW, Argentina";"-33.273426162562245";"-66.31768226623537";"2025-05-06 17:03:26";"2025-05-06 17:03:26"
165;"Ruta Nacional 147, Aromos, Los Aromos, San Luis, Municipio de San Luis, Juan Martín de Pueyrredón, San Luis, D5700HHW, Argentina";"-33.27659250496418";"-66.30892753601076";"2025-05-06 17:09:14";"2025-05-06 17:09:14"
166;"Puente Peatonal, Cuatro Avenidas, Municipal, San Luis, Municipio de San Luis, Juan Martín de Pueyrredón, San Luis, D5702JRP, Argentina";"-33.299345530384215";"-66.34785711765291";"2025-05-06 17:10:56";"2025-05-06 17:10:56"
167;"599, Chacabuco, Cuatro Avenidas, San Luis, Municipio de San Luis, Juan Martín de Pueyrredón, San Luis, D5700, Argentina";"-33.30476161591529";"-66.33836746215822";"2025-05-06 17:12:06";"2025-05-06 17:12:06"
168;"806, Avenida Lafinur, Municipal, San Luis, Municipio de San Luis, Juan Martín de Pueyrredón, San Luis, D5700, Argentina";"-33.303152069329585";"-66.34660184383394";"2025-05-06 17:13:35";"2025-05-06 17:13:35"
169;"599, Colón, Cuatro Avenidas, San Luis, Municipio de San Luis, Juan Martín de Pueyrredón, San Luis, D5702JRP, Argentina";"-33.303739400355866";"-66.33416175842287";"2025-05-06 17:18:16";"2025-05-06 17:18:16"
170;"695, Colón, Cuatro Avenidas, San Luis, Municipio de San Luis, Juan Martín de Pueyrredón, San Luis, D5702JRP, Argentina";"-33.30241229561464";"-66.33450508117677";"2025-05-06 17:19:09";"2025-05-06 17:19:09"
171;"1097, Avenida Presidente Juan D. Perón, Cuatro Avenidas, San Luis, Municipio de San Luis, Juan Martín de Pueyrredón, San Luis, D5702FJX, Argentina";"-33.2964759448036";"-66.32823944091798";"2025-05-06 17:20:56";"2025-05-06 17:20:56"
172;"795, Avenida Presidente Juan D. Perón, Cuatro Avenidas, San Luis, Municipio de San Luis, Juan Martín de Pueyrredón, San Luis, D5702FJX, Argentina";"-33.299722156483625";"-66.32766008377077";"2025-05-06 17:22:20";"2025-05-06 17:22:20"
173;"920, Caseros, Cuatro Avenidas, San Luis, Municipio de San Luis, Juan Martín de Pueyrredón, San Luis, D5700, Argentina";"-33.30063681309755";"-66.34270191192628";"2025-05-06 17:23:14";"2025-05-06 17:23:14"
174;"1155, Junín, Cuatro Avenidas, San Luis, Municipio de San Luis, Juan Martín de Pueyrredón, San Luis, D5702JRP, Argentina";"-33.30203568113121";"-66.34006261825563";"2025-05-06 17:24:21";"2025-05-06 17:24:21"
175;"203, Avenida Presidente Juan D. Perón, Cuatro Avenidas, San Luis, Municipio de San Luis, Juan Martín de Pueyrredón, San Luis, 5702, Argentina";"-33.30763989535809";"-66.32464528083803";"2025-05-06 17:26:47";"2025-05-06 17:26:47"
176;"1001, Ayacucho, Cuatro Avenidas, La Merced, San Luis, Municipio de San Luis, Juan Martín de Pueyrredón, San Luis, D5700, Argentina";"-33.30585555262746";"-66.33660793304445";"2025-05-06 17:28:02";"2025-05-06 17:28:02"
177;"Ministro Berrondo, San Cayetano, San Luis, Municipio de San Luis, Juan Martín de Pueyrredón, San Luis, D5702FJX, Argentina";"-33.292386622252714";"-66.31899118423463";"2025-05-06 17:29:44";"2025-05-06 17:29:44"
178;"Domingo Flores, Progreso y Sueños, San Luis, Municipio de San Luis, Juan Martín de Pueyrredón, San Luis, D5700HHW, Argentina";"-33.265783412683795";"-66.3442897796631";"2025-05-06 17:31:48";"2025-05-06 17:31:48"
179;"801, Lavalle, Cuatro Avenidas, San Luis, Municipio de San Luis, Juan Martín de Pueyrredón, San Luis, D5702JRP, Argentina";"-33.29889716385985";"-66.33519172668458";"2025-05-06 17:35:51";"2025-05-06 17:35:51"
180;"Hospital de San Luis, 110, Héroes de Malvinas, San Cayetano, San Luis, Municipio de San Luis, Juan Martín de Pueyrredón, San Luis, 5700, Argentina";"-33.29605446647093";"-66.31955981254579";"2025-05-06 17:36:49";"2025-05-06 17:36:49"
181;"Tacuarí, Rawson, San Luis, Municipio de San Luis, Juan Martín de Pueyrredón, San Luis, D5700, Argentina";"-33.31167470659531";"-66.34755134582521";"2025-05-06 17:38:04";"2025-05-06 17:38:04"
182;"Hospital de San Luis, 110, Héroes de Malvinas, San Cayetano, San Luis, Municipio de San Luis, Juan Martín de Pueyrredón, San Luis, 5700, Argentina";"-33.29661045873643";"-66.31885170936586";"2025-05-06 17:40:45";"2025-05-06 17:40:45"
183;"Hospital de San Luis, 110, Héroes de Malvinas, San Cayetano, San Luis, Municipio de San Luis, Juan Martín de Pueyrredón, San Luis, 5700, Argentina";"-33.29720231757681";"-66.31911993026735";"2025-05-06 17:41:56";"2025-05-06 17:41:56"
184;"Hospital de San Luis, 110, Héroes de Malvinas, San Cayetano, San Luis, Municipio de San Luis, Juan Martín de Pueyrredón, San Luis, 5700, Argentina";"-33.29560608303051";"-66.31859421730043";"2025-05-06 17:42:46";"2025-05-06 17:42:46"
185;"901, Pringles, Cuatro Avenidas, La Merced, San Luis, Municipio de San Luis, Juan Martín de Pueyrredón, San Luis, D5702JRP, Argentina";"-33.30257370132398";"-66.33607149124147";"2025-05-06 17:43:32";"2025-05-06 17:43:32"
186;"Tacuarí, Rawson, San Luis, Municipio de San Luis, Juan Martín de Pueyrredón, San Luis, D5700, Argentina";"-33.31258027190573";"-66.34729385375978";"2025-05-06 17:48:56";"2025-05-06 17:48:56"
187;"1001, Belgrano, Cuatro Avenidas, San Luis, Municipio de San Luis, Juan Martín de Pueyrredón, San Luis, D5702JRP, Argentina";"-33.30437604478707";"-66.33697271347047";"2025-05-06 17:50:20";"2025-05-06 17:50:20"
188;"Rotonda Abuelas de Plaza de Mayo, Cristo Rey, San Luis, Municipio de San Luis, Juan Martín de Pueyrredón, San Luis, D5700HHW, Argentina";"-33.283180461245834";"-66.30232393741609";"2025-05-06 17:51:47";"2025-05-06 17:51:47"
189;"1297, Avenida Presidente Juan D. Perón, Cuatro Avenidas, San Luis, Municipio de San Luis, Juan Martín de Pueyrredón, San Luis, D5702FJX, Argentina";"-33.292368686205315";"-66.32907629013063";"2025-05-06 17:53:16";"2025-05-06 17:53:16"
190;"999, Falucho, Cuatro Avenidas, Antártida Argentina, San Luis, Municipio de San Luis, Juan Martín de Pueyrredón, San Luis, D5700, Argentina";"-33.29984769815539";"-66.34599566459657";"2025-05-06 18:18:44";"2025-05-06 18:18:44"
191;"Avenida Lafinur Sur, La Merced, San Luis, Municipio de San Luis, Juan Martín de Pueyrredón, San Luis, D5700, Argentina";"-33.31446310036172";"-66.34364604949953";"2025-05-06 18:21:13";"2025-05-06 18:21:13"
192;"Cuarto Centenario, Lescano, Manuel Lescano, San Luis, Municipio de San Luis, Juan Martín de Pueyrredón, San Luis, 5702, Argentina";"-33.307612995990006";"-66.31916284561159";"2025-05-06 18:23:20";"2025-05-06 18:23:20"
193;"Quines, Payer, Pedro Payer, San Luis, Municipio de San Luis, Juan Martín de Pueyrredón, San Luis, 5702, Argentina";"-33.29878955555105";"-66.31414175033571";"2025-05-06 18:24:55";"2025-05-06 18:24:55"
194;"Avenida del Fundador, Parque de las Naciones, San Luis, Municipio de San Luis, Juan Martín de Pueyrredón, San Luis, 5702, Argentina";"-33.29424746713565";"-66.30983412265779";"2025-05-06 18:28:18";"2025-05-06 18:28:18"
195;"Martín de Loyola Este, AMPPYA, San Luis, Municipio de San Luis, Juan Martín de Pueyrredón, San Luis, D5700HHW, Argentina";"-33.28291587626141";"-66.31270408630373";"2025-05-06 18:29:28";"2025-05-06 18:29:28"
196;"Granadero Manuel Rosales, Felix Bogado, Félix Bogado, San Luis, Municipio de San Luis, Juan Martín de Pueyrredón, San Luis, 5702, Argentina";"-33.3200216899733";"-66.30903482437135";"2025-05-06 18:33:52";"2025-05-06 18:33:52"
197;"Hilario Ascasubi, Jardín del Sur, Cuatro Avenidas, San Luis, Municipio de San Luis, Juan Martín de Pueyrredón, San Luis, 5702, Argentina";"-33.3081509817752";"-66.32203817367555";"2025-05-06 18:35:37";"2025-05-06 18:35:37"
198;"Maldonado, Lescano, Manuel Lescano, San Luis, Municipio de San Luis, Juan Martín de Pueyrredón, San Luis, 5702, Argentina";"-33.31248612941551";"-66.3162660598755";"2025-05-06 18:37:12";"2025-05-06 18:37:12"
199;"Avenida Parque Gobernador José Santos Ortiz, Rawson, San Luis, Municipio de San Luis, Juan Martín de Pueyrredón, San Luis, D5700, Argentina";"-33.318883104517624";"-66.34800195693971";"2025-05-06 18:39:35";"2025-05-06 18:39:35"
200;"Rawson, San Luis, Municipio de San Luis, Juan Martín de Pueyrredón, San Luis, D5700, Argentina";"-33.304528480088024";"-66.34935379028322";"2025-05-06 18:40:46";"2025-05-06 18:40:46"
201;"Daniel Fernández, Progreso y Sueños, San Luis, Municipio de San Luis, Juan Martín de Pueyrredón, San Luis, D5700HHW, Argentina";"-33.26926399674873";"-66.3464140892029";"2025-05-06 18:42:30";"2025-05-06 18:42:30"
202;"Chile, Zabala Ortiz, San Luis, Municipio de San Luis, Juan Martín de Pueyrredón, San Luis, D5702JRP, Argentina";"-33.29122077150194";"-66.33780956268312";"2025-05-06 18:48:23";"2025-05-06 18:48:23"
203;"1395, Colón, Cuatro Avenidas, San Luis, Municipio de San Luis, Juan Martín de Pueyrredón, San Luis, D5702JRP, Argentina";"-33.29307715727434";"-66.33642554283144";"2025-05-06 18:49:25";"2025-05-06 18:49:25"
204;"Autopista 25 de Mayo, Cerro de la Cruz, San Luis, Municipio de San Luis, Juan Martín de Pueyrredón, San Luis, D5700HHW, Argentina";"-33.27152450796923";"-66.30611658096315";"2025-05-06 18:51:02";"2025-05-06 18:51:02"
205;"Zoilo Concha, Eva Perón, San Luis, Municipio de San Luis, Juan Martín de Pueyrredón, San Luis, D5700HHW, Argentina";"-33.26895900265942";"-66.3144636154175";"2025-05-06 18:52:16";"2025-05-06 18:52:16"
206;"Avenida Esteban Adaro Este, Cristo Rey, San Luis, Municipio de San Luis, Juan Martín de Pueyrredón, San Luis, D5700HHW, Argentina";"-33.281265565374284";"-66.29868149757387";"2025-05-06 18:53:43";"2025-05-06 18:53:43"
207;"Los Tulipanes, Lucas Rodríguez, San Luis, Municipio de San Luis, Juan Martín de Pueyrredón, San Luis, 5702, Argentina";"-33.3078057746113";"-66.31534337997438";"2025-05-06 18:57:55";"2025-05-06 18:57:55"
208;"398, Bolívar, Cuatro Avenidas, Antártida Argentina, San Luis, Municipio de San Luis, Juan Martín de Pueyrredón, San Luis, D5702JRP, Argentina";"-33.2965566531882";"-66.32994532585145";"2025-05-06 18:59:30";"2025-05-06 18:59:30"
209;"1299, Chubut, La Merced, Cuatro Avenidas, San Luis, Municipio de San Luis, Juan Martín de Pueyrredón, San Luis, D5700, Argentina";"-33.31408653792362";"-66.33824944496156";"2025-05-06 19:06:57";"2025-05-06 19:06:57"
210;"802, Maipú, Cuatro Avenidas, San Luis, Municipio de San Luis, Juan Martín de Pueyrredón, San Luis, D5702JRP, Argentina";"-33.30055162489641";"-66.33248805999757";"2025-05-06 19:08:20";"2025-05-06 19:08:20"
211;"1102, Bolívar, Cuatro Avenidas, Antártida Argentina, San Luis, Municipio de San Luis, Juan Martín de Pueyrredón, San Luis, D5702JRP, Argentina";"-33.297668627774335";"-66.34070098400117";"2025-05-06 19:09:19";"2025-05-06 19:09:19"
212;"1303, Caseros, Cuatro Avenidas, San Luis, Municipio de San Luis, Juan Martín de Pueyrredón, San Luis, D5702JRP, Argentina";"-33.2952384068897";"-66.34435951709749";"2025-05-06 19:11:18";"2025-05-06 19:11:18"
213;"Doctor Carlos Pellegrini, Pueyrredón, Policial, San Luis, Municipio de San Luis, Juan Martín de Pueyrredón, San Luis, D5702FJX, Argentina";"-33.291705049859125";"-66.3233256340027";"2025-05-06 19:12:46";"2025-05-06 19:12:46"
214;"Granadero Miguel Domínguez, El Lince, San Luis, Municipio de San Luis, Juan Martín de Pueyrredón, San Luis, 5702, Argentina";"-33.31735002501487";"-66.31346583366395";"2025-05-06 19:15:29";"2025-05-06 19:15:29"
215;"399, Pedernera, Cuatro Avenidas, San Luis, Municipio de San Luis, Juan Martín de Pueyrredón, San Luis, D5702JRP, Argentina";"-33.29933207942203";"-66.32980585098268";"2025-05-06 19:17:16";"2025-05-06 19:17:16"
216;"Gabriela Mistral, AMEP, San Luis, Municipio de San Luis, Juan Martín de Pueyrredón, San Luis, D5700HHW, Argentina";"-33.272156902418445";"-66.33884489536287";"2025-05-06 19:21:22";"2025-05-06 19:21:22"
217;"25 de Mayo, Rawson, San Luis, Municipio de San Luis, Juan Martín de Pueyrredón, San Luis, D5700, Argentina";"-33.31030289172359";"-66.34876370429994";"2025-05-06 19:22:46";"2025-05-06 19:22:46"
218;"298, Maipú, Cuatro Avenidas, San Luis, Municipio de San Luis, Juan Martín de Pueyrredón, San Luis, D5702JRP, Argentina";"-33.30744263313273";"-66.33079826831819";"2025-05-06 19:23:42";"2025-05-06 19:23:42"
219;"496, Constitución, Cuatro Avenidas, San Luis, Municipio de San Luis, Juan Martín de Pueyrredón, San Luis, D5700, Argentina";"-33.30671634563872";"-66.34247660636903";"2025-05-06 19:27:08";"2025-05-06 19:27:08"
220;"Balcarce, Cuatro Avenidas, San Luis, Municipio de San Luis, Juan Martín de Pueyrredón, San Luis, D5700, Argentina";"-33.309706638661076";"-66.33723556995393";"2025-05-06 19:32:04";"2025-05-06 19:32:04"
221;"1102, Río Negro, Rawson, Cuatro Avenidas, San Luis, Municipio de San Luis, Juan Martín de Pueyrredón, San Luis, D5700, Argentina";"-33.31440482294792";"-66.33572280406953";"2025-05-06 19:38:53";"2025-05-06 19:38:53"
222;"699, Maipú, Cuatro Avenidas, San Luis, Municipio de San Luis, Juan Martín de Pueyrredón, San Luis, D5702JRP, Argentina";"-33.301919109651976";"-66.33207499980928";"2025-05-06 19:39:56";"2025-05-06 19:39:56"
223;"1296, Maipú, Cuatro Avenidas, San Luis, Municipio de San Luis, Juan Martín de Pueyrredón, San Luis, D5702JRP, Argentina";"-33.29479001925497";"-66.33426904678346";"2025-05-06 19:41:05";"2025-05-06 19:41:05"
224;"Avenida Centenario, Pringles, Pueblo Nuevo, San Luis, Municipio de San Luis, Juan Martín de Pueyrredón, San Luis, D5700HHW, Argentina";"-33.27913087783586";"-66.32512807846071";"2025-05-06 19:42:35";"2025-05-06 19:42:35"
225;"Martín de Loyola, Pueblo Nuevo, San Luis, Municipio de San Luis, Juan Martín de Pueyrredón, San Luis, D5700HHW, Argentina";"-33.283875553569914";"-66.32437705993654";"2025-05-06 19:44:51";"2025-05-06 19:44:51"
226;"Parroquia Nuestra Señora del Carmen, 940, Avenida Sarmiento, San Cayetano, San Luis, Municipio de San Luis, Juan Martín de Pueyrredón, San Luis, 5700, Argentina";"-33.297130577325184";"-66.32241368293764";"2025-05-06 19:46:57";"2025-05-06 19:46:57"
227;"Avenida del Fundador, Edén, Policial, San Luis, Municipio de San Luis, Juan Martín de Pueyrredón, San Luis, 5702, Argentina";"-33.2941981440484";"-66.30460917949678";"2025-05-06 19:49:22";"2025-05-06 19:49:22"
228;"Cuarto Centenario, Jardín del Sur, San Luis, Municipio de San Luis, Juan Martín de Pueyrredón, San Luis, D5700, Argentina";"-33.31686140629058";"-66.33595883846284";"2025-05-06 19:52:22";"2025-05-06 19:52:22"
229;"Las Aguilas, El Pinar, San Luis, Municipio de San Luis, Juan Martín de Pueyrredón, San Luis, D5700HHW, Argentina";"-33.276099173048536";"-66.30383670330049";"2025-05-06 19:56:43";"2025-05-06 19:56:43"
230;"9 de Julio, CGT, San Luis, Municipio de San Luis, Juan Martín de Pueyrredón, San Luis, D5700, Argentina";"-33.31090810682767";"-66.36002898216249";"2025-05-06 19:59:25";"2025-05-06 19:59:25"
231;"Antártida Argentina, La Merced, San Martín, San Luis, Municipio de San Luis, Juan Martín de Pueyrredón, San Luis, D5700, Argentina";"-33.303667665480724";"-66.3513493537903";"2025-05-06 20:01:24";"2025-05-06 20:01:24"
232;"25 de Mayo, San Benito, Rawson, San Luis, Municipio de San Luis, Juan Martín de Pueyrredón, San Luis, D5700, Argentina";"-33.31120847128242";"-66.35472893714906";"2025-05-06 20:02:35";"2025-05-06 20:02:35"
233;"Avenida Ejército de los Andes, Zabala Ortiz, San Luis, Municipio de San Luis, Juan Martín de Pueyrredón, San Luis, D5702JRP, Argentina";"-33.29259288653291";"-66.3418757915497";"2025-05-06 20:03:45";"2025-05-06 20:03:45"
234;"Mar del Plata, ATE, Cuatro Avenidas, San Luis, Municipio de San Luis, Juan Martín de Pueyrredón, San Luis, D5702FJX, Argentina";"-33.291875443456675";"-66.3349235057831";"2025-05-06 20:09:40";"2025-05-06 20:09:40"
235;"Esteban Adaro, Hernández, José Hernández, San Luis, Municipio de San Luis, Juan Martín de Pueyrredón, San Luis, D5702JRP, Argentina";"-33.28767379900798";"-66.34969711303712";"2025-05-06 20:11:24";"2025-05-06 20:11:24"
236;"Granaderos Puntanos, Francia, Jardín Aeropuerto, San Luis, Municipio de San Luis, Juan Martín de Pueyrredón, San Luis, D5700HHW, Argentina";"-33.28179025999064";"-66.34396791458131";"2025-05-06 20:12:35";"2025-05-06 20:12:35"
237;"699, Avenida Lafinur, La Merced, San Luis, Municipio de San Luis, Juan Martín de Pueyrredón, San Luis, D5700, Argentina";"-33.30443881229621";"-66.34634435176851";"2025-05-06 20:14:18";"2025-05-06 20:14:18"
238;"Jardín, San Luis, Municipio de San Luis, Juan Martín de Pueyrredón, San Luis, D5700HHW, Argentina";"-33.272017865733744";"-66.32772445678712";"2025-05-06 20:17:16";"2025-05-06 20:17:16"
239;"RP3, Solares, Los Solares, San Luis, Municipio de San Luis, Juan Martín de Pueyrredón, San Luis, D5700HHW, Argentina";"-33.262719845698605";"-66.301047205925";"2025-05-06 20:19:02";"2025-05-06 20:19:02"
240;"Rey del Bosque, Nevot, Alto Verde, San Luis, Municipio de San Luis, Juan Martín de Pueyrredón, San Luis, D5700HHW, Argentina";"-33.26996817020961";"-66.3004893064499";"2025-05-06 20:20:51";"2025-05-06 20:20:51"
241;"Los Eucaliptos, Rincón del Este, San Luis, Municipio de San Luis, Juan Martín de Pueyrredón, San Luis, D5700HHW, Argentina";"-33.2797632171911";"-66.29985094070436";"2025-05-06 20:22:14";"2025-05-06 20:22:14"
242;"Las Cananas, Solares, Los Solares, San Luis, Municipio de San Luis, Juan Martín de Pueyrredón, San Luis, D5700HHW, Argentina";"-33.26205149835969";"-66.29943251609804";"2025-05-06 20:24:28";"2025-05-06 20:24:28"
243;"Las Flores, Cerro de la Cruz, San Luis, Municipio de San Luis, Juan Martín de Pueyrredón, San Luis, D5700HHW, Argentina";"-33.26807541082881";"-66.30576789379121";"2025-05-06 20:25:16";"2025-05-06 20:25:16"
244;"RP19, Vista del Sol, Municipio de San Luis, Juan Martín de Pueyrredón, San Luis, 5700, Argentina";"-33.24672744820099";"-66.28934741020204";"2025-05-06 20:26:50";"2025-05-06 20:26:50"
245;"404, Teniente Ibáñez, Cuatro Avenidas, San Luis, Municipio de San Luis, Juan Martín de Pueyrredón, San Luis, D5702FJX, Argentina";"-33.29348968208211";"-66.3304388523102";"2025-05-06 20:29:50";"2025-05-06 20:29:50"
246;"Las Orquídeas, Lucas Rodríguez, San Luis, Municipio de San Luis, Juan Martín de Pueyrredón, San Luis, 5702, Argentina";"-33.30616490109399";"-66.31457090377809";"2025-05-06 20:32:21";"2025-05-06 20:32:21"
247;"Riobamba, ATE 3, San Luis, Municipio de San Luis, Juan Martín de Pueyrredón, San Luis, D5700HHW, Argentina";"-33.28330154224238";"-66.3163733482361";"2025-05-06 20:33:28";"2025-05-06 20:33:28"
248;"Avenida Esteban Adaro Este, Cristo Rey, Rincón del Este, San Luis, Municipio de San Luis, Juan Martín de Pueyrredón, San Luis, D5700HHW, Argentina";"-33.27956589192654";"-66.29609048366548";"2025-05-06 20:35:05";"2025-05-06 20:35:05"
249;"1305, Avenida España, Cuatro Avenidas, Antártida Argentina, San Luis, Municipio de San Luis, Juan Martín de Pueyrredón, San Luis, D5702JRP, Argentina";"-33.29387530133421";"-66.34481012821199";"2025-05-06 20:39:28";"2025-05-06 20:39:28"
250;"Riobamba, Payer, Matías Mercado, San Luis, Municipio de San Luis, Juan Martín de Pueyrredón, San Luis, 5702, Argentina";"-33.300959630788945";"-66.31391108036043";"2025-05-06 20:41:38";"2025-05-06 20:41:38"
251;"1502, 9 de Julio, Cuatro Avenidas, San Luis, Municipio de San Luis, Juan Martín de Pueyrredón, San Luis, D5700, Argentina";"-33.3079851031787";"-66.343731880188";"2025-05-06 20:42:27";"2025-05-06 20:42:27"
252;"Aristóbulo del Valle, Pabellón Argentino, ATE, San Luis, Municipio de San Luis, Juan Martín de Pueyrredón, San Luis, D5702JRP, Argentina";"-33.28894283354404";"-66.34765326976778";"2025-05-07 10:34:18";"2025-05-07 10:34:18"
253;"Monseñor Orzali, Bajo Grande, San Luis, Municipio de San Luis, Juan Martín de Pueyrredón, San Luis, 5702, Argentina";"-33.298601240691255";"-66.31710827350618";"2025-05-07 10:36:48";"2025-05-07 10:36:48"
254;"1402, Balcarce, Cuatro Avenidas, San Luis, Municipio de San Luis, Juan Martín de Pueyrredón, San Luis, D5700, Argentina";"-33.310518079797454";"-66.34161293506624";"2025-05-07 10:40:37";"2025-05-07 10:40:37"
255;"Iglesia San Roque, 1726, Avenida Justo Daract, Zabala Ortiz, San Luis, Municipio de San Luis, Juan Martín de Pueyrredón, San Luis, 5700, Argentina";"-33.288099802058404";"-66.33699417114259";"2025-05-07 10:46:25";"2025-05-07 10:46:25"
256;"Martín de Loyola, Zabala Ortiz, Francia, San Luis, Municipio de San Luis, Juan Martín de Pueyrredón, San Luis, D5700HHW, Argentina";"-33.284992174165545";"-66.33746623992921";"2025-05-07 10:48:56";"2025-05-07 10:48:56"
257;"Aristóbulo del Valle, Zabala Ortiz, San Luis, Municipio de San Luis, Juan Martín de Pueyrredón, San Luis, D5700HHW, Argentina";"-33.28827020269628";"-66.33993387222291";"2025-05-07 10:50:47";"2025-05-07 10:50:47"
258;"Avenida Italia, Zabala Ortiz, San Luis, Municipio de San Luis, Juan Martín de Pueyrredón, San Luis, D5702JRP, Argentina";"-33.288602034562494";"-66.34257316589357";"2025-05-07 10:52:36";"2025-05-07 10:52:36"
259;"Martín de Loyola, Zabala Ortiz, San Luis, Municipio de San Luis, Juan Martín de Pueyrredón, San Luis, D5702JRP, Argentina";"-33.28558859618054";"-66.34304523468019";"2025-05-07 10:55:10";"2025-05-07 10:55:10"
260;"Constitución Sur, Cuatro Avenidas, San Luis, Municipio de San Luis, Juan Martín de Pueyrredón, San Luis, D5700, Argentina";"-33.31363824718605";"-66.34089946746828";"2025-05-07 10:56:26";"2025-05-07 10:56:26"
261;"Constitución Sur, Cuatro Avenidas, San Luis, Municipio de San Luis, Juan Martín de Pueyrredón, San Luis, D5700, Argentina";"-33.31363824718605";"-66.34089946746828";"2025-05-07 10:56:27";"2025-05-07 10:56:27"
262;"Constitución Sur, Cuatro Avenidas, San Luis, Municipio de San Luis, Juan Martín de Pueyrredón, San Luis, D5700, Argentina";"-33.313530657066";"-66.34089946746828";"2025-05-07 10:57:04";"2025-05-07 10:57:04"
263;"1399, Avenida Juan Gilberto Funes, Cuatro Avenidas, San Luis, Municipio de San Luis, Juan Martín de Pueyrredón, San Luis, D5700, Argentina";"-33.31350375951526";"-66.34083509445192";"2025-05-07 10:57:57";"2025-05-07 10:57:57"
264;"Constitución Sur, Cuatro Avenidas, San Luis, Municipio de San Luis, Juan Martín de Pueyrredón, San Luis, D5700, Argentina";"-33.31360238382746";"-66.34094238281251";"2025-05-07 10:58:52";"2025-05-07 10:58:52"
265;"2, Mitre, Cuatro Avenidas, San Luis, Municipio de San Luis, Juan Martín de Pueyrredón, San Luis, D5702JRP, Argentina";"-33.31239198682363";"-66.33727312088014";"2025-05-07 11:02:03";"2025-05-07 11:02:03"
266;"1000, Avenida Juan Gilberto Funes, Cuatro Avenidas, San Luis, Municipio de San Luis, Juan Martín de Pueyrredón, San Luis, D5700, Argentina";"-33.31178229900576";"-66.33507370948793";"2025-05-07 11:03:42";"2025-05-07 11:03:42"
267;"Avenida Juan Gilberto Funes, El Lince, Cuatro Avenidas, San Luis, Municipio de San Luis, Juan Martín de Pueyrredón, San Luis, 5702, Argentina";"-33.309697672418494";"-66.32773518562318";"2025-05-07 11:04:53";"2025-05-07 11:04:53"
268;"Avenida Juan Gilberto Funes, El Lince, Cuatro Avenidas, San Luis, Municipio de San Luis, Juan Martín de Pueyrredón, San Luis, 5702, Argentina";"-33.309697672418494";"-66.32773518562318";"2025-05-07 11:04:55";"2025-05-07 11:04:55"
269;"702, Avenida Juan Gilberto Funes, Cuatro Avenidas, San Luis, Municipio de San Luis, Juan Martín de Pueyrredón, San Luis, D5700, Argentina";"-33.31046428282878";"-66.33063197135927";"2025-05-07 11:06:20";"2025-05-07 11:06:20"
270;"501, Buenos Aires, Cuatro Avenidas, San Luis, Municipio de San Luis, Juan Martín de Pueyrredón, San Luis, 5702, Argentina";"-33.308572401655226";"-66.32919967174531";"2025-05-07 11:07:24";"2025-05-07 11:07:24"
271;"Avenida Centenario Este, El Fray, Eusebio Castaño, San Luis, Municipio de San Luis, Juan Martín de Pueyrredón, San Luis, D5700HHW, Argentina";"-33.27837744624086";"-66.3168239593506";"2025-05-07 11:08:39";"2025-05-07 11:08:39"
272;"1201, Pringles, Cuatro Avenidas, La Merced, San Luis, Municipio de San Luis, Juan Martín de Pueyrredón, San Luis, D5702JRP, Argentina";"-33.30332244056889";"-66.34038448333742";"2025-05-07 11:10:12";"2025-05-07 11:10:12"
273;"Avenida Centenario Este, El Fray, Eusebio Castaño, San Luis, Municipio de San Luis, Juan Martín de Pueyrredón, San Luis, D5700HHW, Argentina";"-33.27755225179468";"-66.30963563919069";"2025-05-07 11:11:25";"2025-05-07 11:11:25"
274;"1002, 25 de Mayo, Cuatro Avenidas, San Luis, Municipio de San Luis, Juan Martín de Pueyrredón, San Luis, D5700, Argentina";"-33.30809718334604";"-66.33602857589723";"2025-05-07 11:12:52";"2025-05-07 11:12:52"
275;"Leandro N. Alem, Pueblo Nuevo, El Fray, San Luis, Municipio de San Luis, Juan Martín de Pueyrredón, San Luis, D5700HHW, Argentina";"-33.27884385704263";"-66.32248878479005";"2025-05-07 11:13:53";"2025-05-07 11:13:53"
276;"Hilario Ascasubi, Garro, Frente Americano, San Luis, Municipio de San Luis, Juan Martín de Pueyrredón, San Luis, 5702, Argentina";"-33.3129209772111";"-66.32020354270936";"2025-05-07 11:15:24";"2025-05-07 11:15:24"
277;"599, Caseros, Cuatro Avenidas, San Luis, Municipio de San Luis, Juan Martín de Pueyrredón, San Luis, D5700, Argentina";"-33.30529065259612";"-66.34125351905824";"2025-05-07 11:16:25";"2025-05-07 11:16:25"
278;"1201, Las Heras, Cuatro Avenidas, Antártida Argentina, San Luis, Municipio de San Luis, Juan Martín de Pueyrredón, San Luis, D5702JRP, Argentina";"-33.296780842753606";"-66.34244441986085";"2025-05-07 11:17:35";"2025-05-07 11:17:35"
279;"1301, Rivadavia, Cuatro Avenidas, San Luis, Municipio de San Luis, Juan Martín de Pueyrredón, San Luis, D5702JRP, Argentina";"-33.2949290196682";"-66.33817970752717";"2025-05-07 11:18:49";"2025-05-07 11:18:49"
280;"Don Bosco, ATE, Cuatro Avenidas, San Luis, Municipio de San Luis, Juan Martín de Pueyrredón, San Luis, D5702FJX, Argentina";"-33.29172298604296";"-66.33210182189943";"2025-05-07 11:20:05";"2025-05-07 11:20:05"
281;"801, Avenida Juan Gilberto Funes, La Merced, Cuatro Avenidas, San Luis, Municipio de San Luis, Juan Martín de Pueyrredón, San Luis, D5700, Argentina";"-33.31109191206463";"-66.33248805999757";"2025-05-07 11:21:04";"2025-05-07 11:21:04"
282;"Avenida Centenario, Pringles, Coronel Pringles, San Luis, Municipio de San Luis, Juan Martín de Pueyrredón, San Luis, D5700HHW, Argentina";"-33.279794609805705";"-66.33132934570314";"2025-05-07 11:21:58";"2025-05-07 11:21:58"
283;"1600, Ayacucho, Cuatro Avenidas, La Merced, San Luis, Municipio de San Luis, Juan Martín de Pueyrredón, San Luis, D5700, Argentina";"-33.30704810734328";"-66.34578108787538";"2025-05-07 11:24:30";"2025-05-07 11:24:30"
284;"299, Belgrano, Cuatro Avenidas, San Luis, Municipio de San Luis, Juan Martín de Pueyrredón, San Luis, D5702JRP, Argentina";"-33.302416779110594";"-66.32685005664827";"2025-05-07 11:25:58";"2025-05-07 11:25:58"
285;"322, 25 de Mayo, Cuatro Avenidas, San Luis, Municipio de San Luis, Juan Martín de Pueyrredón, San Luis, D5700, Argentina";"-33.30644734873546";"-66.32580399513246";"2025-05-07 11:27:49";"2025-05-07 11:27:49"
286;"Juan Barbeito, Eva Perón, San Luis, Municipio de San Luis, Juan Martín de Pueyrredón, San Luis, D5700HHW, Argentina";"-33.26866297796583";"-66.31101965904237";"2025-05-07 11:29:36";"2025-05-07 11:29:36"
287;"Estanción Vieja, Cerro de la Cruz, San Luis, Municipio de San Luis, Juan Martín de Pueyrredón, San Luis, D5700HHW, Argentina";"-33.263971301123966";"-66.30656719207765";"2025-05-07 11:31:04";"2025-05-07 11:31:04"
288;"Ricardo Arancibia Rodríguez, Jardín, San Luis, Municipio de San Luis, Juan Martín de Pueyrredón, San Luis, D5700HHW, Argentina";"-33.27173082155532";"-66.3313937187195";"2025-05-07 11:34:16";"2025-05-07 11:34:16"
289;"Juan Saa, Cáceres, Granadero Francisco Cáceres, San Luis, Municipio de San Luis, Juan Martín de Pueyrredón, San Luis, D5700HHW, Argentina";"-33.271542448300416";"-66.33696198463441";"2025-05-07 11:39:44";"2025-05-07 11:39:44"
290;"327, 9 de Julio, Cuatro Avenidas, San Luis, Municipio de San Luis, Juan Martín de Pueyrredón, San Luis, D5700, Argentina";"-33.30509338505648";"-66.32641553878786";"2025-05-07 11:41:43";"2025-05-07 11:41:43"
291;"152, Lavalle, Zabala Ortiz, Cuatro Avenidas, San Luis, Municipio de San Luis, Juan Martín de Pueyrredón, San Luis, D5702FJX, Argentina";"-33.29814390291059";"-66.32517099380495";"2025-05-07 11:42:34";"2025-05-07 11:42:34"
292;"599, Pasaje Buen Pastor, Cuatro Avenidas, San Luis, Municipio de San Luis, Juan Martín de Pueyrredón, San Luis, 5702, Argentina";"-33.30292341266951";"-66.32856130599977";"2025-05-07 11:43:56";"2025-05-07 11:43:56"
293;"Lescano, Manuel Lescano, San Luis, Municipio de San Luis, Juan Martín de Pueyrredón, San Luis, 5702, Argentina";"-33.30944661725178";"-66.31784319877626";"2025-05-07 11:45:38";"2025-05-07 11:45:38"
294;"193, República del Líbano, Cuatro Avenidas, San Luis, Municipio de San Luis, Juan Martín de Pueyrredón, San Luis, D5702FJX, Argentina";"-33.29929172652299";"-66.32557868957521";"2025-05-07 11:47:05";"2025-05-07 11:47:05"
295;"301, Juan Wenceslao Gez, Cuatro Avenidas, San Luis, Municipio de San Luis, Juan Martín de Pueyrredón, San Luis, D5702FJX, Argentina";"-33.29733683038961";"-66.32814288139345";"2025-05-07 11:48:33";"2025-05-07 11:48:33"
296;"Riobamba, Vialidad Nacional, AMPPYA, San Luis, Municipio de San Luis, Juan Martín de Pueyrredón, San Luis, D5700HHW, Argentina";"-33.286413714654174";"-66.31585836410524";"2025-05-07 11:49:55";"2025-05-07 11:49:55"
297;"San Luis, Municipio de San Luis, Comisión Municipal de Balde, Juan Martín de Pueyrredón, San Luis, Argentina";"-33.308868290992244";"-66.40484333038331";"2025-05-07 11:53:03";"2025-05-07 11:53:03"
298;"1199, Falucho, Cuatro Avenidas, Antártida Argentina, San Luis, Municipio de San Luis, Juan Martín de Pueyrredón, San Luis, D5702JRP, Argentina";"-33.29708573963796";"-66.3466501235962";"2025-05-07 11:54:40";"2025-05-07 11:54:40"
299;"901, Balcarce, Cuatro Avenidas, San Luis, Municipio de San Luis, Juan Martín de Pueyrredón, San Luis, D5700, Argentina";"-33.30910141521724";"-66.33448362350465";"2025-05-07 11:55:54";"2025-05-07 11:55:54"
300;"Avenida del Fundador, Alto Las Lomas, San Luis, Municipio de San Luis, Juan Martín de Pueyrredón, San Luis, 5702, Argentina";"-33.29410398171351";"-66.2959510087967";"2025-05-07 11:57:55";"2025-05-07 11:57:55"
301;"399, Mitre, Cuatro Avenidas, San Luis, Municipio de San Luis, Juan Martín de Pueyrredón, San Luis, D5702JRP, Argentina";"-33.30743366665734";"-66.3391399383545";"2025-05-07 12:00:19";"2025-05-07 12:00:19"
302;"477, Belgrano, Cuatro Avenidas, San Luis, Municipio de San Luis, Juan Martín de Pueyrredón, San Luis, D5702JRP, Argentina";"-33.30329105641824";"-66.33039593696596";"2025-05-07 12:02:15";"2025-05-07 12:02:15"
303;"Tucumán, Sosa Loyola, San Luis, Municipio de San Luis, Juan Martín de Pueyrredón, San Luis, D5700HHW, Argentina";"-33.279651100618224";"-66.3378953933716";"2025-05-07 12:03:32";"2025-05-07 12:03:32"
304;"Pasaje San Antonio, ATE, San Luis, Municipio de San Luis, Juan Martín de Pueyrredón, San Luis, D5702JRP, Argentina";"-33.292296941978805";"-66.3476586341858";"2025-05-07 12:04:59";"2025-05-07 12:04:59"
305;"Lucas Rodríguez, San Luis, Municipio de San Luis, Juan Martín de Pueyrredón, San Luis, 5702, Argentina";"-33.30282477627813";"-66.3134551048279";"2025-05-07 12:06:07";"2025-05-07 12:06:07"
306;"Salvador Segado, Felix Bogado, Cuatro Avenidas, San Luis, Municipio de San Luis, Juan Martín de Pueyrredón, San Luis, 5702, Argentina";"-33.31631899147135";"-66.32802486419679";"2025-05-07 12:06:55";"2025-05-07 12:06:55"
307;"Vidal, Ignacio Vidal, San Luis, Municipio de San Luis, Juan Martín de Pueyrredón, San Luis, D5700HHW, Argentina";"-33.282512270502984";"-66.30772590637208";"2025-05-07 12:08:16";"2025-05-07 12:08:16"
308;"José Hernández, Di Pasquo, Monseñor Di Pasquo, San Luis, Municipio de San Luis, Juan Martín de Pueyrredón, San Luis, D5700HHW, Argentina";"-33.276350324190304";"-66.33949398994447";"2025-05-07 12:10:32";"2025-05-07 12:10:32"
309;"RP19, Vista del Sol, Municipio de San Luis, Juan Martín de Pueyrredón, San Luis, 5700, Argentina";"-33.24640442993455";"-66.28995895385744";"2025-05-07 12:31:42";"2025-05-07 12:31:42"
310;"Provincia de la Pampa, Parque de las Naciones, San Luis, Municipio de San Luis, Juan Martín de Pueyrredón, San Luis, D5700HHW, Argentina";"-33.288368855545066";"-66.3102149963379";"2025-05-07 12:33:14";"2025-05-07 12:33:14"
311;"102, 9 de Julio, El Faro, Cuatro Avenidas, San Luis, Municipio de San Luis, Juan Martín de Pueyrredón, San Luis, 5702, Argentina";"-33.30391873728555";"-66.32233321666719";"2025-05-07 12:37:09";"2025-05-07 12:37:09"
312;"Avenida Juan Gilberto Funes, Mercado, Matías Mercado, San Luis, Municipio de San Luis, Juan Martín de Pueyrredón, San Luis, 5702, Argentina";"-33.3056672530236";"-66.3212549686432";"2025-05-07 12:38:42";"2025-05-07 12:38:42"
313;"Avenida Los Lapachos, Alto de las Sierras, San Luis, Municipio de San Luis, Juan Martín de Pueyrredón, San Luis, D5700HHW, Argentina";"-33.27855683530568";"-66.29804849624635";"2025-05-07 12:40:08";"2025-05-07 12:40:08"
314;"Granadero Florencio Navarro, El Faro, El Lince, San Luis, Municipio de San Luis, Juan Martín de Pueyrredón, San Luis, 5702, Argentina";"-33.31444516885393";"-66.31107330322267";"2025-05-07 12:41:50";"2025-05-07 12:41:50"
315;"Granadero Juan Molina, El Faro, San Luis, Municipio de San Luis, Juan Martín de Pueyrredón, San Luis, 5702, Argentina";"-33.31507276943192";"-66.30908846855165";"2025-05-07 12:43:34";"2025-05-07 12:43:34"
316;"Cuarto Centenario, Lucas Rodríguez, San Luis, Municipio de San Luis, Juan Martín de Pueyrredón, San Luis, 5702, Argentina";"-33.305048551462505";"-66.31590127944948";"2025-05-07 12:44:35";"2025-05-07 12:44:35"
317;"1099, Constitución, Cuatro Avenidas, Antártida Argentina, San Luis, Municipio de San Luis, Juan Martín de Pueyrredón, San Luis, D5700, Argentina";"-33.298157354056";"-66.34492278099061";"2025-05-07 12:45:39";"2025-05-07 12:45:39"
318;"Europa, Municipal, San Luis, Municipio de San Luis, Juan Martín de Pueyrredón, San Luis, D5702JRP, Argentina";"-33.298879229150934";"-66.3501799106598";"2025-05-07 12:48:58";"2025-05-07 12:48:58"
319;"Doctor Bernardo Houssay, Cerros del Sol, Alto Las Lomas, San Luis, Municipio de San Luis, Juan Martín de Pueyrredón, San Luis, 5702, Argentina";"-33.29110866964726";"-66.29510879516603";"2025-05-07 12:51:24";"2025-05-07 12:51:24"
320;"Perito Moreno, Garro, Félix Bogado, San Luis, Municipio de San Luis, Juan Martín de Pueyrredón, San Luis, 5702, Argentina";"-33.31998582924092";"-66.31635189056398";"2025-05-07 12:53:47";"2025-05-07 12:53:47"
321;"Mugica, Serranias Puntanas, San Luis, Municipio de San Luis, Juan Martín de Pueyrredón, San Luis, 5702, Argentina";"-33.32357182944205";"-66.31590127944948";"2025-05-07 12:55:43";"2025-05-07 12:55:43"
322;"Axion, Ruta Provincial 3, Mercado, Cuatro Avenidas, San Luis, Municipio de San Luis, Juan Martín de Pueyrredón, San Luis, 5702, Argentina";"-33.31365617885981";"-66.3293766975403";"2025-05-07 12:57:03";"2025-05-07 12:57:03"
323;"Mercado, Matías Mercado, San Luis, Municipio de San Luis, Juan Martín de Pueyrredón, San Luis, 5702, Argentina";"-33.3026006022465";"-66.31864786148073";"2025-05-07 12:58:12";"2025-05-07 12:58:12"
324;"CGT, San Martín, San Luis, Municipio de San Luis, Juan Martín de Pueyrredón, San Luis, D5700, Argentina";"-33.308079250528955";"-66.36199235916139";"2025-05-07 13:00:26";"2025-05-07 13:00:26"
325;"Islas Malvinas, Burgos, San Martín, San Luis, Municipio de San Luis, Juan Martín de Pueyrredón, San Luis, D5700, Argentina";"-33.30623215061541";"-66.35559797286989";"2025-05-07 13:01:16";"2025-05-07 13:01:16"
326;"1301, Avenida Lafinur, Municipal, San Luis, Municipio de San Luis, Juan Martín de Pueyrredón, San Luis, D5702JRP, Argentina";"-33.29624278682868";"-66.34865105152132";"2025-05-07 13:03:42";"2025-05-07 13:03:42"
327;"Aristóbulo del Valle, El Brete, San Luis, Municipio de San Luis, Juan Martín de Pueyrredón, San Luis, D5702JRP, Argentina";"-33.2895168077676";"-66.35509371757509";"2025-05-07 13:04:44";"2025-05-07 13:04:44"
328;"Esteban Adaro, Hernández, José Hernández, San Luis, Municipio de San Luis, Juan Martín de Pueyrredón, San Luis, D5702JRP, Argentina";"-33.28792491684723";"-66.35181069374086";"2025-05-07 13:05:58";"2025-05-07 13:05:58"
329;"Estado de Israel, ATE, Cuatro Avenidas, San Luis, Municipio de San Luis, Juan Martín de Pueyrredón, San Luis, D5702JRP, Argentina";"-33.292059288807124";"-66.3389039039612";"2025-05-07 13:09:50";"2025-05-07 13:09:50"
330;"AMPPYA, San Luis, Municipio de San Luis, Juan Martín de Pueyrredón, San Luis, D5700HHW, Argentina";"-33.2843598726911";"-66.3132566213608";"2025-05-07 13:11:59";"2025-05-07 13:11:59"
331;"Avenida Sucre, Jardín, San Luis, Municipio de San Luis, Juan Martín de Pueyrredón, San Luis, D5700HHW, Argentina";"-33.274063028191556";"-66.33151710033418";"2025-05-07 13:13:24";"2025-05-07 13:13:24"
332;"María Mitchel de Ramírez Este, Jardín, Sucre, San Luis, Municipio de San Luis, Juan Martín de Pueyrredón, San Luis, D5700HHW, Argentina";"-33.274071998096815";"-66.32513880729677";"2025-05-07 13:15:47";"2025-05-07 13:15:47"
333;"Avenida Sucre, Cáceres, Granadero Francisco Cáceres, San Luis, Municipio de San Luis, Juan Martín de Pueyrredón, San Luis, D5700HHW, Argentina";"-33.26669842502749";"-66.33137226104738";"2025-05-07 13:17:35";"2025-05-07 13:17:35"
334;"Clavel del Aire, Eva Perón, San Luis, Municipio de San Luis, Juan Martín de Pueyrredón, San Luis, D5700HHW, Argentina";"-33.26553223114776";"-66.31862640380861";"2025-05-07 13:18:57";"2025-05-07 13:18:57"
335;"Cubo, Avenida Teniente Juan D. Perón, Las Chacras, Municipio de Juana Koslay, Juan Martín de Pueyrredón, San Luis, 5700, Argentina";"-33.27073512974797";"-66.23389005661012";"2025-05-07 13:20:51";"2025-05-07 13:20:51"
336;"Avenida Parque Gobernador José Santos Ortiz, Santa Rosa, San Martín, San Luis, Municipio de San Luis, Juan Martín de Pueyrredón, San Luis, D5700, Argentina";"-33.32425315279943";"-66.36943817138673";"2025-05-07 13:25:02";"2025-05-07 13:25:02"
337;"Intendente Gutiérrez del Castillo - Calle 1, Vialidad Provincial, San Martín, San Luis, Municipio de San Luis, Juan Martín de Pueyrredón, San Luis, D5700, Argentina";"-33.31858724916945";"-66.36524319648744";"2025-05-07 13:26:36";"2025-05-07 13:26:36"
338;"Avenida Parque Gobernador José Santos Ortiz, Rawson, San Luis, Municipio de San Luis, Juan Martín de Pueyrredón, San Luis, D5700, Argentina";"-33.3229935968877";"-66.36406838893892";"2025-05-07 13:29:00";"2025-05-07 13:29:00"
339;"25 de Mayo, Rawson, San Luis, Municipio de San Luis, Juan Martín de Pueyrredón, San Luis, D5700, Argentina";"-33.31085431009964";"-66.35245442390443";"2025-05-07 13:32:01";"2025-05-07 13:32:01"
340;"San Juan, Pueblo Nuevo, San Luis, Municipio de San Luis, Juan Martín de Pueyrredón, San Luis, D5700HHW, Argentina";"-33.27944929042417";"-66.32828772068025";"2025-05-07 13:33:05";"2025-05-07 13:33:05"
341;"San Pablo, Vidal, Ignacio Vidal, San Luis, Municipio de San Luis, Juan Martín de Pueyrredón, San Luis, D5700HHW, Argentina";"-33.28196515749519";"-66.30890607833864";"2025-05-07 13:34:50";"2025-05-07 13:34:50"
342;"25 de Agosto Este, AMPPYA, San Luis, Municipio de San Luis, Juan Martín de Pueyrredón, San Luis, D5700HHW, Argentina";"-33.28704151696241";"-66.31311178207399";"2025-05-07 13:36:20";"2025-05-07 13:36:20"
343;"Avenida 2 de Abril, Juan de la Cruz Molina, San Luis, Municipio de San Luis, Juan Martín de Pueyrredón, San Luis, D5700HHW, Argentina";"-33.2917543743558";"-66.30313932895662";"2025-05-07 14:05:28";"2025-05-07 14:05:28"
344;"Gobernador Alric, Pueblo Nuevo, San Luis, Municipio de San Luis, Juan Martín de Pueyrredón, San Luis, D5700HHW, Argentina";"-33.28592940693052";"-66.32392644882204";"2025-05-07 14:06:43";"2025-05-07 14:06:43"
345;"Los Huarpes, El Pinar, San Luis, Municipio de San Luis, Juan Martín de Pueyrredón, San Luis, D5700HHW, Argentina";"-33.273408222618094";"-66.30658328533174";"2025-05-07 14:07:50";"2025-05-07 14:07:50"
346;"Zoilo Concha, Eva Perón, San Luis, Municipio de San Luis, Juan Martín de Pueyrredón, San Luis, D5700HHW, Argentina";"-33.269461345297714";"-66.31811141967775";"2025-05-07 14:08:36";"2025-05-07 14:08:36"
347;"Solares del Norte, Barrancas Coloradas, San Luis, Municipio de San Luis, Juan Martín de Pueyrredón, San Luis, D5700HHW, Argentina";"-33.254641022799234";"-66.33853912353517";"2025-05-07 14:10:01";"2025-05-07 14:10:01"
348;"Serranías 11, Mugica, Serranias Puntanas, San Luis, Municipio de San Luis, Juan Martín de Pueyrredón, San Luis, 5702, Argentina";"-33.33579449882801";"-66.32463455200197";"2025-05-07 14:11:51";"2025-05-07 14:11:51"
349;"Boulevard Juanón Lucero, Serranias Puntanas, San Luis, Municipio de San Luis, Juan Martín de Pueyrredón, San Luis, D5700, Argentina";"-33.33716143077392";"-66.3333570957184";"2025-05-07 14:14:07";"2025-05-07 14:14:07"
350;"Colombia, Jardín Jubilados, San Luis, Municipio de San Luis, Juan Martín de Pueyrredón, San Luis, D5702JRP, Argentina";"-33.284364357114846";"-66.35006725788118";"2025-05-07 14:16:09";"2025-05-07 14:16:09"
351;"Almirante Brown, ATE, San Luis, Municipio de San Luis, Juan Martín de Pueyrredón, San Luis, D5702JRP, Argentina";"-33.291310452881994";"-66.3466501235962";"2025-05-07 14:17:15";"2025-05-07 14:17:15"
352;"Quinto Centenario, Primero de Mayo, San Luis, Municipio de San Luis, Juan Martín de Pueyrredón, San Luis, D5700, Argentina";"-33.31106501376148";"-66.38888955116273";"2025-05-07 14:19:26";"2025-05-07 14:19:26"
353;"Juan Roberto ""Quirquincho"" Quiroga, Progreso y Sueños, San Luis, Municipio de San Luis, Juan Martín de Pueyrredón, San Luis, D5700HHW, Argentina";"-33.263782911131095";"-66.34761571884157";"2025-05-07 14:21:05";"2025-05-07 14:21:05"
354;"Rastreador Rufino Natel, Parque de las Naciones, San Luis, Municipio de San Luis, Juan Martín de Pueyrredón, San Luis, D5700HHW, Argentina";"-33.293283419922055";"-66.3119959831238";"2025-05-07 14:23:59";"2025-05-07 14:23:59"
355;"Aristóbulo del Valle, Hernández, José Hernández, San Luis, Municipio de San Luis, Juan Martín de Pueyrredón, San Luis, D5702JRP, Argentina";"-33.28909529581541";"-66.3519072532654";"2025-05-07 14:25:02";"2025-05-07 14:25:02"
356;"Hospital del Cerro, Las Flores, Cerro de la Cruz, San Luis, Municipio de San Luis, Juan Martín de Pueyrredón, San Luis, 5700, Argentina";"-33.270950415425105";"-66.30781173706056";"2025-05-07 14:27:23";"2025-05-07 14:27:23"
357;"Alejandro Montenegro, Primero de Mayo, San Luis, Municipio de San Luis, Juan Martín de Pueyrredón, San Luis, D5700, Argentina";"-33.308810009838595";"-66.37372970581056";"2025-05-07 14:29:35";"2025-05-07 14:29:35"
358;"Lamadrid, Pueblo Nuevo, San Luis, Municipio de San Luis, Juan Martín de Pueyrredón, San Luis, D5700HHW, Argentina";"-33.28274546516884";"-66.32870078086854";"2025-05-07 14:32:40";"2025-05-07 14:32:40"
359;"12 de Octubre, Jardín Aeropuerto, Francia, San Luis, Municipio de San Luis, Juan Martín de Pueyrredón, San Luis, D5700HHW, Argentina";"-33.28419394885038";"-66.34347438812257";"2025-05-07 14:33:47";"2025-05-07 14:33:47"
360;"Santa Fe, Rawson, San Luis, Municipio de San Luis, Juan Martín de Pueyrredón, San Luis, D5700, Argentina";"-33.30910141521724";"-66.34952545166017";"2025-05-07 14:34:32";"2025-05-07 14:34:32"
361;"Monumento al Bicentenario de la Patria, Autopista de las Serranías Puntanas, El Faro, Terrazas del Portezuelo, San Luis, Municipio de San Luis, Juan Martín de Pueyrredón, San Luis, 5702, Argentina";"-33.306465281888165";"-66.29701852798463";"2025-05-07 14:35:22";"2025-05-07 14:35:22"
362;"Europa, Municipal, San Luis, Municipio de San Luis, Juan Martín de Pueyrredón, San Luis, D5700, Argentina";"-33.30270820585359";"-66.3491714000702";"2025-05-07 15:05:01";"2025-05-07 15:05:01"
363;"Avenida Sarmiento, Bajo Grande, San Luis, Municipio de San Luis, Juan Martín de Pueyrredón, San Luis, 5702, Argentina";"-33.30075786987183";"-66.32195234298707";"2025-05-07 15:07:38";"2025-05-07 15:07:38"
364;"Mirador del Portezuelo, San Luis, Municipio de San Luis, Juan Martín de Pueyrredón, San Luis, 5702, Argentina";"-33.32832305242659";"-66.30770444869997";"2025-05-07 15:10:29";"2025-05-07 15:10:29"
365;"Ruta Provincial 3, Mugica, Serranias Puntanas, San Luis, Municipio de San Luis, Juan Martín de Pueyrredón, San Luis, 5702, Argentina";"-33.33145154647517";"-66.32155001163484";"2025-05-07 15:13:15";"2025-05-07 15:13:15"
366;"Boulevard del Sol, Solares del Norte, Barrancas Coloradas, San Luis, Municipio de San Luis, Juan Martín de Pueyrredón, San Luis, D5700HHW, Argentina";"-33.25216922923838";"-66.33348047733308";"2025-05-07 15:15:08";"2025-05-07 15:15:08"
367;"La Alameda, Barrio Estrella del Sur, San Luis, Municipio de San Luis, Juan Martín de Pueyrredón, San Luis, D5700, Argentina";"-33.33153222248629";"-66.34803414344789";"2025-05-07 15:17:03";"2025-05-07 15:17:03"
368;"Doctor Bernardo Houssay, Ampare, Portal de las Sierras, San Luis, Municipio de San Luis, Juan Martín de Pueyrredón, San Luis, D5700HHW, Argentina";"-33.28593837561649";"-66.29547357559206";"2025-05-07 15:19:40";"2025-05-07 15:19:40"
369;"Escuela Tobar García, 1088, Riobamba, San Cayetano, San Luis, Municipio de San Luis, Juan Martín de Pueyrredón, San Luis, 5700, Argentina";"-33.2947272448022";"-66.31473720073701";"2025-05-07 15:21:18";"2025-05-07 15:21:18"
370;"Avenida Sarmiento, San Cayetano, San Luis, Municipio de San Luis, Juan Martín de Pueyrredón, San Luis, D5702FJX, Argentina";"-33.29575853365883";"-66.32261753082277";"2025-05-07 15:22:34";"2025-05-07 15:22:34"
371;"Avenida Eva Perón, Pueblo Nuevo, San Luis, Municipio de San Luis, Juan Martín de Pueyrredón, San Luis, D5700HHW, Argentina";"-33.28969617393818";"-66.3293766975403";"2025-05-07 15:25:45";"2025-05-07 15:25:45"
372;"Martín de Loyola, Nacional, Pueblo Nuevo, San Luis, Municipio de San Luis, Juan Martín de Pueyrredón, San Luis, D5700HHW, Argentina";"-33.2843598726911";"-66.3303852081299";"2025-05-07 15:27:08";"2025-05-07 15:27:08"
373;"1201, Hipólito Yrigoyen, Cuatro Avenidas, San Luis, Municipio de San Luis, Juan Martín de Pueyrredón, San Luis, D5702FJX, Argentina";"-33.29550743836434";"-66.33176922798158";"2025-05-07 15:28:40";"2025-05-07 15:28:40"
374;"399, 9 de Julio, Cuatro Avenidas, San Luis, Municipio de San Luis, Juan Martín de Pueyrredón, San Luis, D5700, Argentina";"-33.30555068639841";"-66.32896900177003";"2025-05-07 15:44:48";"2025-05-07 15:44:48"
375;"399, General Paz, Cuatro Avenidas, San Luis, Municipio de San Luis, Juan Martín de Pueyrredón, San Luis, D5702JRP, Argentina";"-33.30628595019521";"-66.3321876525879";"2025-05-07 15:46:26";"2025-05-07 15:46:26"
376;"Paseo del Padre, Cuatro Avenidas, San Luis, Municipio de San Luis, Juan Martín de Pueyrredón, San Luis, D5702JRP, Argentina";"-33.30047540380381";"-66.33529365062715";"2025-05-07 15:48:12";"2025-05-07 15:48:12"
377;"1002, Mitre, Cuatro Avenidas, San Luis, Municipio de San Luis, Juan Martín de Pueyrredón, San Luis, D5702JRP, Argentina";"-33.29934104673039";"-66.34161829948427";"2025-05-07 15:49:26";"2025-05-07 15:49:26"
378;"España, El Brete, San Luis, Municipio de San Luis, Juan Martín de Pueyrredón, San Luis, D5702JRP, Argentina";"-33.293005413630404";"-66.35036230087282";"2025-05-07 15:51:02";"2025-05-07 15:51:02"
379;"25 de Mayo, Cuatro Avenidas, La Merced, San Luis, Municipio de San Luis, Juan Martín de Pueyrredón, San Luis, D5700, Argentina";"-33.3095721449255";"-66.34482622146608";"2025-05-07 15:52:40";"2025-05-07 15:52:40"
380;"Cuarto Centenario, Jardín del Sur, San Luis, Municipio de San Luis, Juan Martín de Pueyrredón, San Luis, D5700, Argentina";"-33.31932240303048";"-66.34175777435304";"2025-05-07 15:56:59";"2025-05-07 15:56:59"
381;"Avenida Maestras Lucio Lucero, Barrio Estrella del Sur, San Luis, Municipio de San Luis, Juan Martín de Pueyrredón, San Luis, D5700, Argentina";"-33.32491654147641";"-66.34999752044679";"2025-05-07 15:58:47";"2025-05-07 15:58:47"
382;"1100, Ituzaingó, Cuatro Avenidas, San Luis, Municipio de San Luis, Juan Martín de Pueyrredón, San Luis, D5702FJX, Argentina";"-33.29661942632459";"-66.33006334304811";"2025-05-07 16:00:14";"2025-05-07 16:00:14"
383;"Pasos de los Libres, Edén, San Luis, Municipio de San Luis, Juan Martín de Pueyrredón, San Luis, 5702, Argentina";"-33.2941981440484";"-66.30455017089845";"2025-05-08 14:27:06";"2025-05-08 14:27:06"
384;"702, Avenida Juan Gilberto Funes, Cuatro Avenidas, San Luis, Municipio de San Luis, Juan Martín de Pueyrredón, San Luis, D5700, Argentina";"-33.31050014747825";"-66.33062124252321";"2025-05-08 14:28:42";"2025-05-08 14:28:42"
385;"Avenida Presidente Illia, Municipal, San Luis, Municipio de San Luis, Juan Martín de Pueyrredón, San Luis, D5702JRP, Argentina";"-33.29945313800713";"-66.3477122783661";"2025-05-08 14:29:58";"2025-05-08 14:29:58"
386;"Los Colibríes, Alto Verde, San Luis, Municipio de San Luis, Juan Martín de Pueyrredón, San Luis, D5700HHW, Argentina";"-33.26842974568231";"-66.30134224891664";"2025-05-08 14:31:46";"2025-05-08 14:31:46"
387;"Ruta Provincial 20, El Chorrillo, Municipio de Juana Koslay, Juan Martín de Pueyrredón, San Luis, Argentina";"-33.303470394269866";"-66.26641988754274";"2025-05-08 14:32:56";"2025-05-08 14:32:56"
388;"Avenida El Cardenal, Borges, Jorge Luis Borges, San Luis, Municipio de San Luis, Juan Martín de Pueyrredón, San Luis, D5700HHW, Argentina";"-33.26430322536085";"-66.29970073699953";"2025-05-08 14:35:22";"2025-05-08 14:35:22"
389;"901, Bolívar, Cuatro Avenidas, Antártida Argentina, San Luis, Municipio de San Luis, Juan Martín de Pueyrredón, San Luis, D5702JRP, Argentina";"-33.297381667947775";"-66.33756816387178";"2025-05-08 14:36:27";"2025-05-08 14:36:27"
390;"Avenida Eva Perón, Pueblo Nuevo, San Luis, Municipio de San Luis, Juan Martín de Pueyrredón, San Luis, D5700HHW, Argentina";"-33.289427124544034";"-66.32350802421571";"2025-05-08 14:37:36";"2025-05-08 14:37:36"
391;"Ruta Provincial 3, Mugica, Serranias Puntanas, San Luis, Municipio de San Luis, Juan Martín de Pueyrredón, San Luis, 5702, Argentina";"-33.33310987168789";"-66.32102966308595";"2025-05-08 14:38:59";"2025-05-08 14:38:59"
392;"Domingo Felix Preti, Mugica, Serranias Puntanas, San Luis, Municipio de San Luis, Juan Martín de Pueyrredón, San Luis, D5700, Argentina";"-33.332222447527485";"-66.3267481327057";"2025-05-08 14:41:31";"2025-05-08 14:41:31"
393;"400, Avenida Presidente Illia, Cuatro Avenidas, Antártida Argentina, San Luis, Municipio de San Luis, Juan Martín de Pueyrredón, San Luis, D5702JRP, Argentina";"-33.30004497756022";"-66.34437561035158";"2025-05-08 14:43:05";"2025-05-08 14:43:05"
394;"800, Rivadavia, Cuatro Avenidas, San Luis, Municipio de San Luis, Juan Martín de Pueyrredón, San Luis, D5702JRP, Argentina";"-33.30142592090053";"-66.33631825447084";"2025-05-08 14:44:24";"2025-05-08 14:44:24"
395;"Don Bosco, Zabala Ortiz, San Luis, Municipio de San Luis, Juan Martín de Pueyrredón, San Luis, D5700HHW, Argentina";"-33.28774106278579";"-66.33265972137453";"2025-05-08 14:47:30";"2025-05-08 14:47:30"
396;"Granadero Miguel Domínguez, Felix Bogado, Félix Bogado, San Luis, Municipio de San Luis, Juan Martín de Pueyrredón, San Luis, 5702, Argentina";"-33.32254086949673";"-66.3112771511078";"2025-05-08 14:55:32";"2025-05-08 14:55:32"
397;"Esteban Adaro Este, Vidal, Ignacio Vidal, San Luis, Municipio de San Luis, Juan Martín de Pueyrredón, San Luis, D5700HHW, Argentina";"-33.2835257658665";"-66.30667448043825";"2025-05-08 15:08:14";"2025-05-08 15:08:14"
398;"Intendente Aguirrez Celi, Rawson, San Luis, Municipio de San Luis, Juan Martín de Pueyrredón, San Luis, D5700, Argentina";"-33.3157451936087";"-66.34836673736574";"2025-05-08 15:09:35";"2025-05-08 15:09:35"
399;"Jardín del Sur, San Luis, Municipio de San Luis, Juan Martín de Pueyrredón, San Luis, D5700, Argentina";"-33.31574071079803";"-66.33415639400484";"2025-05-08 15:11:17";"2025-05-08 15:11:17"
400;"Hostel Lele, 690, Avenida Sarmiento, Bajo Grande, San Luis, Municipio de San Luis, Juan Martín de Pueyrredón, San Luis, 5702, Argentina";"-33.29861917545731";"-66.32228493690492";"2025-05-08 15:12:43";"2025-05-08 15:12:43"
401;"364, Ayacucho, Cuatro Avenidas, La Merced, San Luis, Municipio de San Luis, Juan Martín de Pueyrredón, San Luis, D5700, Argentina";"-33.30403978950461";"-66.3281536102295";"2025-05-08 15:14:00";"2025-05-08 15:14:00"
402;"Avenida Lafinur Sur, Serranias Puntanas, San Luis, Municipio de San Luis, Juan Martín de Pueyrredón, San Luis, D5700, Argentina";"-33.33483091095936";"-66.33484840393068";"2025-05-08 15:16:18";"2025-05-08 15:16:18"
403;"Los Rayitos de Sol, Barrio 400 Sueños, San Luis, Municipio de San Luis, Juan Martín de Pueyrredón, San Luis, D5700, Argentina";"-33.340110345320355";"-66.34546995162965";"2025-05-08 15:18:34";"2025-05-08 15:18:34"
404;"Quinto Centenario, Primero de Mayo, San Luis, Municipio de San Luis, Juan Martín de Pueyrredón, San Luis, D5700, Argentina";"-33.31011460172329";"-66.38064980506898";"2025-05-08 15:22:41";"2025-05-08 15:22:41"
405;"De Los Inmigrantes, ATE, San Luis, Municipio de San Luis, Juan Martín de Pueyrredón, San Luis, D5702JRP, Argentina";"-33.292162421395105";"-66.3436406850815";"2025-05-08 15:24:41";"2025-05-08 15:24:41"
406;"Instituto de Matemática Aplicada San Luis (IMASL), 1627, Avenida Italia, Zabala Ortiz, San Luis, Municipio de San Luis, Juan Martín de Pueyrredón, San Luis, 5700, Argentina";"-33.29089791777054";"-66.34222984313966";"2025-05-08 15:26:22";"2025-05-08 15:26:22"
407;"Monseñor Orzali, Bajo Grande, San Luis, Municipio de San Luis, Juan Martín de Pueyrredón, San Luis, 5702, Argentina";"-33.297587920418536";"-66.31744623184206";"2025-05-08 15:29:30";"2025-05-08 15:29:30"
408;"Paso de la Patria, Parque Centenario, San Luis, Municipio de San Luis, Juan Martín de Pueyrredón, San Luis, D5700HHW, Argentina";"-33.28095164401034";"-66.31659328937532";"2025-05-08 15:31:01";"2025-05-08 15:31:01"
409;"Jorge Horacio “Cholo” Torres, Progreso y Sueños, San Luis, Municipio de San Luis, Juan Martín de Pueyrredón, San Luis, D5700HHW, Argentina";"-33.26583723720467";"-66.3486135005951";"2025-05-08 15:33:59";"2025-05-08 15:33:59"
410;"Gabriela Mistral, AMEP, San Luis, Municipio de San Luis, Juan Martín de Pueyrredón, San Luis, D5700HHW, Argentina";"-33.272591951259756";"-66.34184360504152";"2025-05-08 15:36:22";"2025-05-08 15:36:22"
411;"Villa de Praga, Cristo Rey, San Luis, Municipio de San Luis, Juan Martín de Pueyrredón, San Luis, D5700HHW, Argentina";"-33.283314995676065";"-66.2980753183365";"2025-05-08 15:38:52";"2025-05-08 15:38:52"
412;"Avenida Fuerte Constitucional, Altos del Sol, Portal de las Rosas, San Luis, Municipio de San Luis, Juan Martín de Pueyrredón, San Luis, D5700HHW, Argentina";"-33.27382084040104";"-66.30055904388429";"2025-05-08 15:40:44";"2025-05-08 15:40:44"
413;"Alfio Vito Batti, Rawson, Cuatro Avenidas, San Luis, Municipio de San Luis, Juan Martín de Pueyrredón, San Luis, D5700, Argentina";"-33.31640864704621";"-66.34026646614076";"2025-05-08 15:42:51";"2025-05-08 15:42:51"
414;"Solares del Norte, Barrancas Coloradas, San Luis, Municipio de San Luis, Juan Martín de Pueyrredón, San Luis, D5700HHW, Argentina";"-33.257781131561195";"-66.33154392242433";"2025-05-08 15:45:07";"2025-05-08 15:45:07"
415;"1257, Constitución, Cuatro Avenidas, Antártida Argentina, San Luis, Municipio de San Luis, Juan Martín de Pueyrredón, San Luis, D5702JRP, Argentina";"-33.29601859588051";"-66.3455504179001";"2025-05-08 15:50:18";"2025-05-08 15:50:18"
416;"202, Avenida Lafinur, Cuatro Avenidas, San Luis, Municipio de San Luis, Juan Martín de Pueyrredón, San Luis, D5700, Argentina";"-33.31095742046586";"-66.3443434238434";"2025-05-08 15:51:50";"2025-05-08 15:51:50"
417;"Granadero Dionisio Gervasio Escudero, Garro, San Luis, Municipio de San Luis, Juan Martín de Pueyrredón, San Luis, 5702, Argentina";"-33.318820347406465";"-66.31821870803834";"2025-05-08 15:53:54";"2025-05-08 15:53:54"
418;"Mirador del Portezuelo, San Luis, Municipio de San Luis, Juan Martín de Pueyrredón, San Luis, 5702, Argentina";"-33.325956437888074";"-66.30970001220705";"2025-05-08 15:56:26";"2025-05-08 15:56:26"
419;"Kirchner, Néstor Kirchner, San Luis, Municipio de San Luis, Juan Martín de Pueyrredón, San Luis, 5702, Argentina";"-33.33041171564516";"-66.31349802017213";"2025-05-08 15:58:26";"2025-05-08 15:58:26"
420;"Avenida Maestras Lucio Lucero, Barrio Estrella del Sur, San Luis, Municipio de San Luis, Juan Martín de Pueyrredón, San Luis, D5700, Argentina";"-33.32833649891645";"-66.34985268115999";"2025-05-08 16:03:04";"2025-05-08 16:03:04"
421;"Salvador Segado, El Hornero, Manuel Lescano, San Luis, Municipio de San Luis, Juan Martín de Pueyrredón, San Luis, 5702, Argentina";"-33.3141313668706";"-66.31812214851381";"2025-05-08 16:10:09";"2025-05-08 16:10:09"
422;"Provincia de la Pampa, Parque de las Naciones, San Luis, Municipio de San Luis, Juan Martín de Pueyrredón, San Luis, D5700HHW, Argentina";"-33.28867378182711";"-66.31549358367921";"2025-05-08 16:11:29";"2025-05-08 16:11:29"
423;"Tibiletti, Monseñor Tibiletti, San Luis, Municipio de San Luis, Juan Martín de Pueyrredón, San Luis, 5702, Argentina";"-33.29981182912475";"-66.29313468933107";"2025-05-08 16:14:02";"2025-05-08 16:14:02"
424;"Falucho, Hernández, Jardín Aeropuerto, San Luis, Municipio de San Luis, Juan Martín de Pueyrredón, San Luis, D5702JRP, Argentina";"-33.28733747934129";"-66.3478195667267";"2025-05-08 16:16:00";"2025-05-08 16:16:00"
425;"Belgrano, La Merced, San Luis, Municipio de San Luis, Juan Martín de Pueyrredón, San Luis, D5700, Argentina";"-33.30651908132413";"-66.34869933128358";"2025-05-08 18:38:02";"2025-05-08 18:38:02"
426;"San Luis, Municipio de San Luis, Juan Martín de Pueyrredón, San Luis, Argentina";"-33.31090362376826";"-66.39503717422487";"2025-05-08 18:39:45";"2025-05-08 18:39:45"
427;"Chacho Peñaloza, Payer, Pedro Payer, San Luis, Municipio de San Luis, Juan Martín de Pueyrredón, San Luis, 5702, Argentina";"-33.29771346516196";"-66.30497932434083";"2025-05-08 18:41:29";"2025-05-08 18:41:29"
428;"Clavel del Aire, Eva Perón, San Luis, Municipio de San Luis, Juan Martín de Pueyrredón, San Luis, D5700HHW, Argentina";"-33.26501192423942";"-66.31622314453126";"2025-05-08 18:43:12";"2025-05-08 18:43:12"
429;"Pablo Lucero, Eva Perón, San Luis, Municipio de San Luis, Juan Martín de Pueyrredón, San Luis, D5700HHW, Argentina";"-33.26206944063692";"-66.3142490386963";"2025-05-08 18:44:45";"2025-05-08 18:44:45"
430;"Granadero Florencio Navarro, El Lince, San Luis, Municipio de San Luis, Juan Martín de Pueyrredón, San Luis, 5702, Argentina";"-33.3153776023681";"-66.31531655788423";"2025-05-08 18:46:27";"2025-05-08 18:46:27"
431;"Los Pensamientos, Barrio 400 Sueños, San Luis, Municipio de San Luis, Juan Martín de Pueyrredón, San Luis, D5700, Argentina";"-33.33730484534124";"-66.3463979959488";"2025-05-08 18:48:38";"2025-05-08 18:48:38"
432;"Puerto San Julián, Funes, Granadero Francisco Cáceres, San Luis, Municipio de San Luis, Juan Martín de Pueyrredón, San Luis, D5700HHW, Argentina";"-33.267057250780724";"-66.33921504020692";"2025-05-08 18:50:54";"2025-05-08 18:50:54"
433;"Autopista de las Serranías Puntanas, El Faro, Terrazas del Portezuelo, San Luis, Municipio de San Luis, Juan Martín de Pueyrredón, San Luis, 5702, Argentina";"-33.336838747134074";"-66.3192915916443";"2025-05-08 18:52:29";"2025-05-08 18:52:29"
434;"Autopista de las Serranías Puntanas, San Luis, Municipio de San Luis, Juan Martín de Pueyrredón, San Luis, D5700, Argentina";"-33.328663696196934";"-66.38501644134523";"2025-05-08 18:54:02";"2025-05-08 18:54:02"
435;"Honduras, Jardín Jubilados, San Luis, Municipio de San Luis, Juan Martín de Pueyrredón, San Luis, D5702JRP, Argentina";"-33.28605496845027";"-66.3520520925522";"2025-05-08 18:56:28";"2025-05-08 18:56:28"
436;"Güemes, ATE, San Luis, Municipio de San Luis, Juan Martín de Pueyrredón, San Luis, D5702JRP, Argentina";"-33.290485380708645";"-66.34600639343263";"2025-05-08 18:58:44";"2025-05-08 18:58:44"
437;"Almirante Brown, Zabala Ortiz, San Luis, Municipio de San Luis, Juan Martín de Pueyrredón, San Luis, D5702FJX, Argentina";"-33.290494348926394";"-66.33680641651155";"2025-05-08 19:00:20";"2025-05-08 19:00:20"
438;"Antártida Argentina, Municipal, San Luis, Municipio de San Luis, Juan Martín de Pueyrredón, San Luis, D5700, Argentina";"-33.30190565908666";"-66.34831309318544";"2025-05-08 19:02:29";"2025-05-08 19:02:29"
439;"José María Gatica, CGT, San Luis, Municipio de San Luis, Juan Martín de Pueyrredón, San Luis, D5700, Argentina";"-33.31099776796728";"-66.36224448680879";"2025-05-08 19:04:07";"2025-05-08 19:04:07"
440;"Intendente Juan Bautista Picco, Vialidad Provincial, San Luis, Municipio de San Luis, Juan Martín de Pueyrredón, San Luis, D5700, Argentina";"-33.31243681664197";"-66.36335492134096";"2025-05-08 19:06:03";"2025-05-08 19:06:03"
441;"299, Caseros, Cuatro Avenidas, San Luis, Municipio de San Luis, Juan Martín de Pueyrredón, San Luis, D5700, Argentina";"-33.308872774156285";"-66.34032011032106";"2025-05-08 19:07:58";"2025-05-08 19:07:58"
442;"800, 25 de Mayo, Cuatro Avenidas, San Luis, Municipio de San Luis, Juan Martín de Pueyrredón, San Luis, D5700, Argentina";"-33.307725076635634";"-66.33329808712007";"2025-05-08 19:09:19";"2025-05-08 19:09:19"
443;"99, Colón, Cuatro Avenidas, San Luis, Municipio de San Luis, Juan Martín de Pueyrredón, San Luis, D5702JRP, Argentina";"-33.309796301036215";"-66.33282601833345";"2025-05-08 19:10:34";"2025-05-08 19:10:34"
444;"401, 25 de Mayo, Cuatro Avenidas, San Luis, Municipio de San Luis, Juan Martín de Pueyrredón, San Luis, D5700, Argentina";"-33.30700327475425";"-66.32845401763917";"2025-05-08 19:11:50";"2025-05-08 19:11:50"
445;"701, Ituzaingó, Cuatro Avenidas, San Luis, Municipio de San Luis, Juan Martín de Pueyrredón, San Luis, 5702, Argentina";"-33.301466272812206";"-66.3296288251877";"2025-05-08 19:13:13";"2025-05-08 19:13:13"
446;"601, Lavalle, Cuatro Avenidas, San Luis, Municipio de San Luis, Juan Martín de Pueyrredón, San Luis, D5702JRP, Argentina";"-33.29872678397629";"-66.33315324783327";"2025-05-08 19:14:53";"2025-05-08 19:14:53"
447;"1099, Maipú, Cuatro Avenidas, San Luis, Municipio de San Luis, Juan Martín de Pueyrredón, San Luis, D5702JRP, Argentina";"-33.29699158041976";"-66.33365750312807";"2025-05-08 19:16:12";"2025-05-08 19:16:12"
448;"801, Las Heras, Cuatro Avenidas, Antártida Argentina, San Luis, Municipio de San Luis, Juan Martín de Pueyrredón, San Luis, D5702JRP, Argentina";"-33.29601859588051";"-66.33580327033998";"2025-05-08 19:17:45";"2025-05-08 19:17:45"
449;"151, Tomás Jofré, Cuatro Avenidas, San Luis, Municipio de San Luis, Juan Martín de Pueyrredón, San Luis, D5702FJX, Argentina";"-33.293713879529115";"-66.32576644420625";"2025-05-08 19:19:28";"2025-05-08 19:19:28"
450;"La Rioja, Parque Centenario, Cuatro Avenidas, San Luis, Municipio de San Luis, Juan Martín de Pueyrredón, San Luis, D5702FJX, Argentina";"-33.29506353598628";"-66.32753133773805";"2025-05-08 19:20:45";"2025-05-08 19:20:45"
451;"1300, Avenida Lafinur, Cuatro Avenidas, Antártida Argentina, San Luis, Municipio de San Luis, Juan Martín de Pueyrredón, San Luis, D5702JRP, Argentina";"-33.29543569671888";"-66.34864568710329";"2025-05-08 19:22:29";"2025-05-08 19:22:29"
452;"871, Falucho, Cuatro Avenidas, Antártida Argentina, San Luis, Municipio de San Luis, Juan Martín de Pueyrredón, San Luis, D5700, Argentina";"-33.30119277615634";"-66.3456040620804";"2025-05-08 19:23:28";"2025-05-08 19:23:28"
453;"1503, Belgrano, Cuatro Avenidas, San Luis, Municipio de San Luis, Juan Martín de Pueyrredón, San Luis, D5702JRP, Argentina";"-33.30579278613802";"-66.3442897796631";"2025-05-08 19:25:09";"2025-05-08 19:25:09"
454;"253, Ayacucho, La Merced, San Luis, Municipio de San Luis, Juan Martín de Pueyrredón, San Luis, D5700, Argentina";"-33.30311171819783";"-66.32426977157594";"2025-05-08 19:26:47";"2025-05-08 19:26:47"
455;"497, General Paz, Cuatro Avenidas, San Luis, Municipio de San Luis, Juan Martín de Pueyrredón, San Luis, D5702JRP, Argentina";"-33.30506648490286";"-66.33250951766969";"2025-05-08 19:28:23";"2025-05-08 19:28:23"
456;"197, Juan Wenceslao Gez, Cuatro Avenidas, San Luis, Municipio de San Luis, Juan Martín de Pueyrredón, San Luis, D5702FJX, Argentina";"-33.29718438251943";"-66.32580399513246";"2025-05-08 19:31:00";"2025-05-08 19:31:00"
457;"Gobernador Alric Este, AMPPYA, Parque de las Naciones, San Luis, Municipio de San Luis, Juan Martín de Pueyrredón, San Luis, D5700HHW, Argentina";"-33.284615484477065";"-66.30959272384645";"2025-05-08 19:32:45";"2025-05-08 19:32:45"
458;"Capitán Guadanini, Malvinas Argentinas, San Luis, Municipio de San Luis, Juan Martín de Pueyrredón, San Luis, D5700HHW, Argentina";"-33.290332920866085";"-66.30656719207765";"2025-05-08 19:34:25";"2025-05-08 19:34:25"
459;"Doctor Tobar García, Edén, San Luis, Municipio de San Luis, Juan Martín de Pueyrredón, San Luis, 5702, Argentina";"-33.293189256599895";"-66.3034611940384";"2025-05-08 19:36:00";"2025-05-08 19:36:00"
460;"Cerros del Sol, Terrazas del Portezuelo, San Luis, Municipio de San Luis, Juan Martín de Pueyrredón, San Luis, 5702, Argentina";"-33.29531911641921";"-66.29481911659242";"2025-05-08 19:37:31";"2025-05-08 19:37:31"
461;"Salvador Segado, El Hornero, Manuel Lescano, San Luis, Municipio de San Luis, Juan Martín de Pueyrredón, San Luis, 5702, Argentina";"-33.313620315508594";"-66.31587982177736";"2025-05-08 19:40:19";"2025-05-08 19:40:19"
462;"Granadero Florencio Navarro, El Hornero, San Luis, Municipio de San Luis, Juan Martín de Pueyrredón, San Luis, 5702, Argentina";"-33.316085886545174";"-66.31830453872682";"2025-05-08 19:45:49";"2025-05-08 19:45:49"
463;"Luis Becerra, Felix Bogado, Félix Bogado, San Luis, Municipio de San Luis, Juan Martín de Pueyrredón, San Luis, 5702, Argentina";"-33.32313703477838";"-66.30733430385591";"2025-05-09 09:19:10";"2025-05-09 09:19:10"
464;"Avenida Lafinur Sur, Serranias Puntanas, San Luis, Municipio de San Luis, Juan Martín de Pueyrredón, San Luis, D5700, Argentina";"-33.33250032879229";"-66.33605003356935";"2025-05-09 09:20:50";"2025-05-09 09:20:50"
465;"Serranías 2, Mugica, Serranias Puntanas, San Luis, Municipio de San Luis, Juan Martín de Pueyrredón, San Luis, D5700, Argentina";"-33.340764650210645";"-66.33705854415895";"2025-05-09 09:24:58";"2025-05-09 09:24:58"
466;"Intendente Juan Carlos Arias - Calle 106, Santa Rosa, San Luis, Municipio de San Luis, Juan Martín de Pueyrredón, San Luis, D5700, Argentina";"-33.329309122846375";"-66.37156248092653";"2025-05-09 09:26:59";"2025-05-09 09:26:59"
467;"Barrio Unión, San Luis, Municipio de San Luis, Juan Martín de Pueyrredón, San Luis, D5700, Argentina";"-33.32742661508824";"-66.35375261306764";"2025-05-09 09:28:25";"2025-05-09 09:28:25"
468;"Intendente Garro Zoilo - Calle 6, Vialidad Provincial, San Luis, Municipio de San Luis, Juan Martín de Pueyrredón, San Luis, D5700, Argentina";"-33.33305608866278";"-66.37053251266481";"2025-05-09 09:30:50";"2025-05-09 09:30:50"
469;"Intendente Enrique Cuello - Calle 113, Vialidad Provincial, San Martín, San Luis, Municipio de San Luis, Juan Martín de Pueyrredón, San Luis, D5700, Argentina";"-33.31066153821831";"-66.3669276237488";"2025-05-09 09:32:38";"2025-05-09 09:32:38"
470;"Intendente Antonio Alric - Calle 107, Vialidad Provincial, San Martín, San Luis, Municipio de San Luis, Juan Martín de Pueyrredón, San Luis, D5700, Argentina";"-33.31769071167906";"-66.3713049888611";"2025-05-09 09:34:44";"2025-05-09 09:34:44"
471;"Intendente Garro Zoilo, Primero de Mayo, San Luis, Municipio de San Luis, Juan Martín de Pueyrredón, San Luis, D5700, Argentina";"-33.312777522507965";"-66.37736678123476";"2025-05-09 09:36:29";"2025-05-09 09:36:29"
472;"Heroes de Chancay, República, San Luis, Municipio de San Luis, Juan Martín de Pueyrredón, San Luis, D5700, Argentina";"-33.30748746549586";"-66.38231277465822";"2025-05-09 09:38:05";"2025-05-09 09:38:05"
473;"1399, Pringles, Cuatro Avenidas, La Merced, San Luis, Municipio de San Luis, Juan Martín de Pueyrredón, San Luis, D5702JRP, Argentina";"-33.30383355228992";"-66.34322226047517";"2025-05-09 09:39:07";"2025-05-09 09:39:07"
474;"17 de Agosto, Jardín del Sur, San Luis, Municipio de San Luis, Juan Martín de Pueyrredón, San Luis, D5700, Argentina";"-33.319479294819935";"-66.33565306663515";"2025-05-09 09:40:31";"2025-05-09 09:40:31"
475;"Salvador Segado, El Hornero, San Luis, Municipio de San Luis, Juan Martín de Pueyrredón, San Luis, 5702, Argentina";"-33.31516242628851";"-66.32238149642946";"2025-05-09 09:42:24";"2025-05-09 09:42:24"
476;"Lescano, Manuel Lescano, San Luis, Municipio de San Luis, Juan Martín de Pueyrredón, San Luis, 5702, Argentina";"-33.31052704595567";"-66.32108330726625";"2025-05-09 09:43:37";"2025-05-09 09:43:37"
477;"Granadero Miguel Domínguez, Lescano, Manuel Lescano, San Luis, Municipio de San Luis, Juan Martín de Pueyrredón, San Luis, 5702, Argentina";"-33.31173746885088";"-66.31506443023683";"2025-05-09 09:45:21";"2025-05-09 09:45:21"
478;"Pasaje Granadero E. Lozano, El Faro, San Luis, Municipio de San Luis, Juan Martín de Pueyrredón, San Luis, 5702, Argentina";"-33.31301063628069";"-66.30792975425722";"2025-05-09 09:47:51";"2025-05-09 09:47:51"
479;"Granadero Juan Molina, El Faro, San Luis, Municipio de San Luis, Juan Martín de Pueyrredón, San Luis, 5702, Argentina";"-33.31799553546045";"-66.30834281444551";"2025-05-09 09:49:30";"2025-05-09 09:49:30"
480;"Eduardo Gutiérrez, Lescano, Manuel Lescano, San Luis, Municipio de San Luis, Juan Martín de Pueyrredón, San Luis, 5702, Argentina";"-33.31099328491249";"-66.3179934024811";"2025-05-09 09:52:35";"2025-05-09 09:52:35"
481;"Aguada de Pueyrredón, Cerros del Sol, San Luis, Municipio de San Luis, Juan Martín de Pueyrredón, San Luis, D5700HHW, Argentina";"-33.2927453424266";"-66.29250168800355";"2025-05-09 09:53:49";"2025-05-09 09:53:49"
482;"Los Nogales, Portal de la Aguada de Pueyrredón, Ampare, San Luis, Municipio de San Luis, Juan Martín de Pueyrredón, San Luis, D5700HHW, Argentina";"-33.287023579816285";"-66.29113912582399";"2025-05-09 09:55:53";"2025-05-09 09:55:53"
483;"Ampare, San Luis, Municipio de San Luis, Juan Martín de Pueyrredón, San Luis, D5700HHW, Argentina";"-33.286637930282716";"-66.29337608814241";"2025-05-09 09:57:55";"2025-05-09 09:57:55"
484;"Avenida La Estanzuela, Portal de las Sierras, Alto Las Lomas, San Luis, Municipio de San Luis, Juan Martín de Pueyrredón, San Luis, D5700HHW, Argentina";"-33.29031498439651";"-66.29866003990175";"2025-05-09 09:59:37";"2025-05-09 09:59:37"
485;"Avenida La Estanzuela, Portal de las Sierras, San Luis, Municipio de San Luis, Juan Martín de Pueyrredón, San Luis, D5700HHW, Argentina";"-33.28743613324452";"-66.29805922508241";"2025-05-09 10:00:41";"2025-05-09 10:00:41"
486;"Avenida La Estanzuela, Cristo Rey, San Luis, Municipio de San Luis, Juan Martín de Pueyrredón, San Luis, D5700HHW, Argentina";"-33.28292484525708";"-66.29660010337831";"2025-05-09 10:03:10";"2025-05-09 10:03:10"
487;"RP3, Cerro de la Cruz, San Luis, Municipio de San Luis, Juan Martín de Pueyrredón, San Luis, D5700HHW, Argentina";"-33.26847459809291";"-66.30431413650514";"2025-05-09 10:03:51";"2025-05-09 10:03:51"
488;"Doctor Juan Julio Luco, Cerro de la Cruz, San Luis, Municipio de San Luis, Juan Martín de Pueyrredón, San Luis, D5700HHW, Argentina";"-33.26241034320423";"-66.31041884422304";"2025-05-09 10:05:02";"2025-05-09 10:05:02"
489;"Padre Alfredo Domingo Racca, Solares del Norte, Barrancas Coloradas, San Luis, Municipio de San Luis, Juan Martín de Pueyrredón, San Luis, D5700HHW, Argentina";"-33.257754216822775";"-66.33679032325746";"2025-05-09 10:07:05";"2025-05-09 10:07:05"
490;"CALLE Nº 8, Solares del Norte, Barrancas Coloradas, San Luis, Municipio de San Luis, Juan Martín de Pueyrredón, San Luis, D5700HHW, Argentina";"-33.25057665733027";"-66.33654356002809";"2025-05-09 10:09:01";"2025-05-09 10:09:01"
491;"Vélez Sarsfield, AMEP, San Luis, Municipio de San Luis, Juan Martín de Pueyrredón, San Luis, D5700HHW, Argentina";"-33.27427830566358";"-66.34199380874635";"2025-05-09 10:10:52";"2025-05-09 10:10:52"
492;"Bartolomé Díaz, Cáceres, Granadero Francisco Cáceres, San Luis, Municipio de San Luis, Juan Martín de Pueyrredón, San Luis, D5700HHW, Argentina";"-33.2694075230104";"-66.33701562881471";"2025-05-09 10:12:49";"2025-05-09 10:12:49"
493;"Francia, Di Pasquo, Monseñor Di Pasquo, San Luis, Municipio de San Luis, Juan Martín de Pueyrredón, San Luis, D5700HHW, Argentina";"-33.276368263529925";"-66.34207963943483";"2025-05-09 10:14:51";"2025-05-09 10:14:51"
494;"Caseros, Jardín Aeropuerto, San Luis, Municipio de San Luis, Juan Martín de Pueyrredón, San Luis, D5702JRP, Argentina";"-33.283552672662694";"-66.3467574119568";"2025-05-09 10:16:39";"2025-05-09 10:16:39"
495;"Granadero Manuel Rosales, El Faro, San Luis, Municipio de San Luis, Juan Martín de Pueyrredón, San Luis, 5702, Argentina";"-33.31261613568478";"-66.31109476089479";"2025-05-09 10:18:30";"2025-05-09 10:18:30"
496;"Eslovenia, Parque de las Naciones, Cuatro Avenidas, San Luis, Municipio de San Luis, Juan Martín de Pueyrredón, San Luis, D5702FJX, Argentina";"-33.30070855046556";"-66.32389962673189";"2025-05-09 10:20:18";"2025-05-09 10:20:18"
497;"Eslovenia, Parque de las Naciones, Cuatro Avenidas, San Luis, Municipio de San Luis, Juan Martín de Pueyrredón, San Luis, D5702FJX, Argentina";"-33.30070855046556";"-66.32389962673189";"2025-05-09 10:20:18";"2025-05-09 10:20:18"
498;"Eslovenia, Parque de las Naciones, Cuatro Avenidas, San Luis, Municipio de San Luis, Juan Martín de Pueyrredón, San Luis, D5702FJX, Argentina";"-33.30070855046556";"-66.32390499114992";"2025-05-09 10:21:00";"2025-05-09 10:21:00"
499;"Esteban Agüero, Zabala Ortiz, San Luis, Municipio de San Luis, Juan Martín de Pueyrredón, San Luis, D5702FJX, Argentina";"-33.290108714731346";"-66.3308358192444";"2025-05-09 10:23:23";"2025-05-09 10:23:23"
500;"1501, Ayacucho, Cuatro Avenidas, La Merced, San Luis, Municipio de San Luis, Juan Martín de Pueyrredón, San Luis, D5700, Argentina";"-33.306841877242945";"-66.34401082992555";"2025-05-09 10:24:18";"2025-05-09 10:24:18"
501;"Jardín del Sur, Serranias Puntanas, San Luis, Municipio de San Luis, Juan Martín de Pueyrredón, San Luis, D5700, Argentina";"-33.33163082639841";"-66.33976221084596";"2025-05-09 10:28:05";"2025-05-09 10:28:05"
502;"Jardín del Sur, Serranias Puntanas, San Luis, Municipio de San Luis, Juan Martín de Pueyrredón, San Luis, D5700, Argentina";"-33.33125433813351";"-66.33853912353517";"2025-05-09 10:29:49";"2025-05-09 10:29:49"
503;"Serranias 16, Mugica, Serranias Puntanas, San Luis, Municipio de San Luis, Juan Martín de Pueyrredón, San Luis, D5700, Argentina";"-33.330384823303895";"-66.33592128753664";"2025-05-09 10:31:36";"2025-05-09 10:31:36"
504;"Mugica, Serranias Puntanas, San Luis, Municipio de San Luis, Juan Martín de Pueyrredón, San Luis, D5700, Argentina";"-33.32907605266338";"-66.3313937187195";"2025-05-09 10:35:11";"2025-05-09 10:35:11"
505;"Mugica, Serranias Puntanas, San Luis, Municipio de San Luis, Juan Martín de Pueyrredón, San Luis, 5702, Argentina";"-33.327552116870805";"-66.32700562477113";"2025-05-09 10:37:36";"2025-05-09 10:37:36"
506;"90, Belgrano, Cuatro Avenidas, San Luis, Municipio de San Luis, Juan Martín de Pueyrredón, San Luis, D5702JRP, Argentina";"-33.30041263344224";"-66.32317543029787";"2025-05-09 10:39:37";"2025-05-09 10:39:37"
507;"1101, Ayacucho, Cuatro Avenidas, La Merced, San Luis, Municipio de San Luis, Juan Martín de Pueyrredón, San Luis, D5700, Argentina";"-33.306057301751835";"-66.3379490375519";"2025-05-09 10:41:56";"2025-05-09 10:41:56"
508;"Ruta Nacional 147, Eva Perón, Cerro de la Cruz, San Luis, Municipio de San Luis, Juan Martín de Pueyrredón, San Luis, D5700HHW, Argentina";"-33.276350324190304";"-66.30918502807619";"2025-05-09 10:44:48";"2025-05-09 10:44:48"
509;"Don Bosco, Pringles, Coronel Pringles, San Luis, Municipio de San Luis, Juan Martín de Pueyrredón, San Luis, D5700HHW, Argentina";"-33.28445852996036";"-66.33311033248903";"2025-05-09 10:46:06";"2025-05-09 10:46:06"
510;"Marcelino Poblet, Sosa Loyola, San Luis, Municipio de San Luis, Juan Martín de Pueyrredón, San Luis, D5700HHW, Argentina";"-33.28230598239461";"-66.33609294891359";"2025-05-09 10:48:16";"2025-05-09 10:48:16"
511;"Marcelino Poblet, Sosa Loyola, San Luis, Municipio de San Luis, Juan Martín de Pueyrredón, San Luis, D5700HHW, Argentina";"-33.28232392051034";"-66.33617877960206";"2025-05-09 10:49:02";"2025-05-09 10:49:02"
512;"Autopista 25 de Mayo, Loteo Sierras Marianas, Comisión Municipal de Villa de la Quebrada, Belgrano, San Luis, Argentina";"-33.1082947241369";"-66.29030227661134";"2025-05-09 10:55:18";"2025-05-09 10:55:18"
513;"RP3, Villa de la Quebrada, Comisión Municipal de Villa de la Quebrada, Belgrano, San Luis, Argentina";"-33.017021381540545";"-66.29335999488832";"2025-05-09 11:07:55";"2025-05-09 11:07:55"
514;"Villa de la Quebrada, Comisión Municipal de Villa de la Quebrada, Belgrano, San Luis, Argentina";"-33.01754316091318";"-66.2915360927582";"2025-05-09 11:09:17";"2025-05-09 11:09:17"
515;"Villa de la Quebrada, Comisión Municipal de Villa de la Quebrada, Belgrano, San Luis, Argentina";"-33.01613075099517";"-66.28772735595705";"2025-05-09 11:10:24";"2025-05-09 11:10:24"
516;"Villa de la Quebrada, Comisión Municipal de Villa de la Quebrada, Belgrano, San Luis, Argentina";"-33.016382647415334";"-66.28865003585817";"2025-05-09 11:12:48";"2025-05-09 11:12:48"
517;"Avenida Hipólito Yrigoyen, Anchorena, Comisión Municipal de Anchorena, Gobernador Dupuy, San Luis, D6389, Argentina";"-35.67479881828926";"-65.42594432830812";"2025-05-09 15:51:46";"2025-05-09 15:51:46"
518;"Arizona, Comisión Municipal de Arizona, Gobernador Dupuy, San Luis, Argentina";"-35.72485344904769";"-65.32132744789125";"2025-05-09 15:54:06";"2025-05-09 15:54:06"
519;"Arizona, Comisión Municipal de Arizona, Gobernador Dupuy, San Luis, Argentina";"-35.72136937507651";"-65.3275501728058";"2025-05-09 15:56:21";"2025-05-09 15:56:21"
520;"Ruta Provincial 47, Comisión Municipal de Arizona, Gobernador Dupuy, San Luis, Argentina";"-35.71942693768768";"-65.31846284866334";"2025-05-09 15:58:36";"2025-05-09 15:58:36"
521;"1577, General Pedernera, Buena Esperanza, Municipio de Buena Esperanza, Gobernador Dupuy, San Luis, D6277, Argentina";"-34.75735675009694";"-65.2533280849457";"2025-05-09 16:03:42";"2025-05-09 16:03:42"
522;"Autopista por la Paz del Mundo, Municipio de Buena Esperanza, Gobernador Dupuy, San Luis, D6277, Argentina";"-34.75515308818931";"-65.27235031127931";"2025-05-09 16:05:33";"2025-05-09 16:05:33"
523;"546, General Pedernera, Buena Esperanza, Municipio de Buena Esperanza, Gobernador Dupuy, San Luis, D6277, Argentina";"-34.757198088404344";"-65.26546239852907";"2025-05-09 16:07:47";"2025-05-09 16:07:47"
524;"1301, General Pedernera, Buena Esperanza, Municipio de Buena Esperanza, Gobernador Dupuy, San Luis, D6277, Argentina";"-34.757427266306905";"-65.25717973709108";"2025-05-09 16:17:57";"2025-05-09 16:17:57"
525;"1602, Independencia, Buena Esperanza, Municipio de Buena Esperanza, Gobernador Dupuy, San Luis, D6277, Argentina";"-34.75514427342359";"-65.25293648242952";"2025-05-09 16:20:17";"2025-05-09 16:20:17"
526;"Avenida Los Mandarinos, Municipio de Carpintería, Junín, San Luis, 5883, Argentina";"-32.415517577894725";"-65.00867307186128";"2025-05-10 09:21:16";"2025-05-10 09:21:16"
527;"Ruta Provincial 1, Municipio de Carpintería, Junín, San Luis, 5883, Argentina";"-32.40675893850949";"-65.01219749450685";"2025-05-10 09:24:53";"2025-05-10 09:24:53"
528;"Avenida Los Mandarinos, Municipio de Carpintería, Junín, San Luis, Argentina";"-32.40637850264565";"-64.97838020324708";"2025-05-10 09:31:29";"2025-05-10 09:31:29"
529;"Camino del Cerro, Cerro de Oro, Municipio de Merlo, Junín, San Luis, 5881, Argentina";"-32.37802246104654";"-64.98691499233247";"2025-05-10 14:39:40";"2025-05-10 14:39:40"
530;"Cuesta de la Granadilla, Municipio de Merlo, Junín, San Luis, 5881, Argentina";"-32.372526882141166";"-64.99018728733064";"2025-05-10 14:42:06";"2025-05-10 14:42:06"
531;"Hipólito Yrigoyen, Concarán, Municipio de Concarán, Chacabuco, San Luis, 5770, Argentina";"-32.56222264879666";"-65.24381160736085";"2025-05-10 14:45:18";"2025-05-10 14:45:18"
532;"Fuerza Aérea Argentina, Concarán, Municipio de Concarán, Chacabuco, San Luis, 5770, Argentina";"-32.55952799014192";"-65.24039983749391";"2025-05-10 14:47:20";"2025-05-10 14:47:20"
533;"Avenida Mitre, Concarán, Municipio de Concarán, Chacabuco, San Luis, 5770, Argentina";"-32.5514435286443";"-65.24372577667238";"2025-05-10 14:49:08";"2025-05-10 14:49:08"
534;"Pedernera, Concarán, Municipio de Concarán, Chacabuco, San Luis, 5770, Argentina";"-32.55955511798128";"-65.2440905570984";"2025-05-10 14:51:28";"2025-05-10 14:51:28"
535;"23 de Octubre, Cortaderas, Comisión Municipal de Cortaderas, Chacabuco, San Luis, Argentina";"-32.50702931125984";"-64.9851179122925";"2025-05-10 15:48:01";"2025-05-10 15:48:01"
536;"Mundial 78, Cortaderas, Comisión Municipal de Cortaderas, Chacabuco, San Luis, 5883, Argentina";"-32.49575491955296";"-64.99573945999147";"2025-05-10 15:54:10";"2025-05-10 15:54:10"
537;"RP1, Cortaderas, Comisión Municipal de Cortaderas, Chacabuco, San Luis, Argentina";"-32.506667394481035";"-64.98395919799806";"2025-05-10 15:57:49";"2025-05-10 15:57:49"
538;"Avenida Thomás Dixón, Fortín El Patria, Municipio de Fortín El Patria, Gobernador Dupuy, San Luis, 6279, Argentina";"-34.76948905914192";"-65.52297592163087";"2025-05-10 16:05:14";"2025-05-10 16:05:14"
539;"Avenida Belgrano, Fortuna, Municipio de Fortuna, Gobernador Dupuy, San Luis, Argentina";"-35.12987709946118";"-65.38350105285646";"2025-05-10 16:09:43";"2025-05-10 16:09:43"
540;"María del Carmen del Bosco, Fraga, Comisión Municipal de Fraga, Coronel Pringles, San Luis, Argentina";"-33.50228990146717";"-65.79357862472536";"2025-05-10 16:12:18";"2025-05-10 16:12:18"
541;"Autopista de las Serranías Puntanas, Comisión Municipal de Fraga, Coronel Pringles, San Luis, Argentina";"-33.498586017756985";"-65.79166889190675";"2025-05-10 16:14:40";"2025-05-10 16:14:40"
542;"Pringles, Fraga, Comisión Municipal de Fraga, Coronel Pringles, San Luis, Argentina";"-33.500178528242294";"-65.79058527946474";"2025-05-10 16:16:27";"2025-05-10 16:16:27"
543;"Ruta Nacional 8, Juan Jorba, Municipio de Juan Jorba, General Pedernera, San Luis, Argentina";"-33.616245403356295";"-65.27303695678712";"2025-05-10 16:19:25";"2025-05-10 16:19:25"
544;"Ruta Provincial 1, Juan Jorba, Municipio de Juan Jorba, General Pedernera, San Luis, Argentina";"-33.61104084657866";"-65.26909947395326";"2025-05-10 16:21:35";"2025-05-10 16:21:35"
545;"Juan Jorba, Municipio de Juan Jorba, General Pedernera, San Luis, Argentina";"-33.61134910805298";"-65.2692496776581";"2025-05-10 16:26:53";"2025-05-10 16:26:53"
546;"Los Andes, Justo Daract, Municipio de Justo Daract, General Pedernera, San Luis, D5738, Argentina";"-33.85988991775394";"-65.17246484756471";"2025-05-10 16:35:57";"2025-05-10 16:35:57"
547;"San Luis, Justo Daract, Municipio de Justo Daract, General Pedernera, San Luis, D5738, Argentina";"-33.86244238048612";"-65.17125785350801";"2025-05-10 16:40:20";"2025-05-10 16:40:20"
548;"San Luis, Justo Daract, Municipio de Justo Daract, General Pedernera, San Luis, D5738, Argentina";"-33.85641523853702";"-65.18221199512483";"2025-05-10 16:42:22";"2025-05-10 16:42:22"
549;"Chacabuco, Justo Daract, Municipio de Justo Daract, General Pedernera, San Luis, D5738, Argentina";"-33.858050137266154";"-65.18241047859193";"2025-05-10 16:44:54";"2025-05-10 16:44:54"
550;"Mendoza, Justo Daract, Municipio de Justo Daract, General Pedernera, San Luis, D5738, Argentina";"-33.852428092699";"-65.18986701965333";"2025-05-10 16:49:20";"2025-05-20 11:21:15"
551;"Salta, Justo Daract, Municipio de Justo Daract, General Pedernera, San Luis, D5738, Argentina";"-33.85815705053419";"-65.19419074058534";"2025-05-10 16:53:04";"2025-05-10 16:53:04"
552;"Los Andes, Justo Daract, Municipio de Justo Daract, General Pedernera, San Luis, D5738, Argentina";"-33.856441967378245";"-65.17930448055269";"2025-05-10 16:56:21";"2025-05-10 16:56:21"
553;"Los Andes, Justo Daract, Municipio de Justo Daract, General Pedernera, San Luis, D5738, Argentina";"-33.856499879838886";"-65.17913818359376";"2025-05-10 17:05:12";"2025-05-10 17:05:12"
554;"Moreno, Justo Daract, Municipio de Justo Daract, General Pedernera, San Luis, D5738, Argentina";"-33.866353335911285";"-65.18182039260866";"2025-05-10 17:08:35";"2025-05-10 17:08:35"
555;"Malvinas Argentinas, Justo Daract, Municipio de Justo Daract, General Pedernera, San Luis, D5738, Argentina";"-33.84227896447696";"-65.17057657241823";"2025-05-10 17:11:44";"2025-05-10 17:11:44"
556;"Río Quinto, Justo Daract, Municipio de Justo Daract, General Pedernera, San Luis, 5738, Argentina";"-33.864874499114386";"-65.16698241233827";"2025-05-10 17:14:18";"2025-05-10 17:14:18"
557;"Ruta Provincial 53, Villa Salles, Municipio de Justo Daract, General Pedernera, San Luis, D5738, Argentina";"-33.83802826902901";"-65.21695733070375";"2025-05-10 17:16:48";"2025-05-10 17:16:48"
558;"Autopista por la Paz del Mundo, General Pedernera, San Luis, Argentina";"-33.84819572309776";"-65.32818317413331";"2025-05-10 17:19:23";"2025-05-10 17:19:23"
559;"25 de Mayo, Los Molles, Comisión Municipal de Los Molles, Junín, San Luis, 5883, Argentina";"-32.439941265931495";"-65.00477313995363";"2025-05-10 17:23:15";"2025-05-10 17:23:15"
560;"La Carretilla, Los Molles, Comisión Municipal de Los Molles, Junín, San Luis, 5883, Argentina";"-32.434789025036004";"-65.00917196273805";"2025-05-10 17:25:30";"2025-05-10 17:25:30"
561;"Pedernera, Naschel, Municipio de Naschel, Chacabuco, San Luis, Argentina";"-32.9148281419168";"-65.37556171417238";"2025-05-10 17:46:27";"2025-05-10 17:46:27"
562;"RP22, Naschel, Municipio de Naschel, Chacabuco, San Luis, Argentina";"-32.91126594594731";"-65.37581384181978";"2025-05-10 17:56:48";"2025-05-10 17:56:48"
563;"Av Senador Bartolucci, Naschel, Municipio de Naschel, Chacabuco, San Luis, Argentina";"-32.91928631415517";"-65.36536931991579";"2025-05-10 17:59:01";"2025-05-10 17:59:01"
564;"Pedernera, Naschel, Municipio de Naschel, Chacabuco, San Luis, Argentina";"-32.915854892395885";"-65.37283658981325";"2025-05-10 18:01:48";"2025-05-10 18:01:48"
565;"San Martín, Nueva Galia, Comisión Municipal de Nueva Galia, Gobernador Dupuy, San Luis, D6216, Argentina";"-35.11264200868812";"-65.25385379791261";"2025-05-10 18:09:13";"2025-05-10 18:09:13"
566;"Pueyrredón, Nueva Galia, Comisión Municipal de Nueva Galia, Gobernador Dupuy, San Luis, D6216, Argentina";"-35.11790769820938";"-65.25239467620851";"2025-05-10 18:11:33";"2025-05-10 18:11:33"
567;"Ruta Nacional 188, Comisión Municipal de Nueva Galia, Gobernador Dupuy, San Luis, D6216, Argentina";"-35.10316291001551";"-65.25157928466798";"2025-05-10 18:13:56";"2025-05-10 18:13:56"
568;"Chacabuco, Nueva Galia, Comisión Municipal de Nueva Galia, Gobernador Dupuy, San Luis, D6216, Argentina";"-35.11299306524348";"-65.257705450058";"2025-05-10 18:16:14";"2025-05-10 18:16:14"
569;"Policía, Ruta Provincial 40, Renca, Comisión Municipal de Renca, Chacabuco, San Luis, 5773, Argentina";"-32.77073105739656";"-65.36474704742433";"2025-05-10 18:37:15";"2025-05-10 18:37:15"
570;"Renca, Comisión Municipal de Renca, Chacabuco, San Luis, 5773, Argentina";"-32.77129037432063";"-65.36335229873659";"2025-05-10 18:38:28";"2025-05-10 18:38:28"
571;"RP44, San Pablo, Comisión Municipal de San Pedro, Chacabuco, San Luis, Argentina";"-32.66094679885098";"-65.30640363693239";"2025-05-10 18:41:16";"2025-05-10 18:41:16"
572;"Manuel Antonio Salazar, Santa Rosa del Conlara, Municipio de Santa Rosa del Conlara, Junín, San Luis, Argentina";"-32.34262381085737";"-65.20147562026979";"2025-05-10 18:46:14";"2025-05-10 18:46:14"
573;"Hipólito Yrigoyen, Santa Rosa del Conlara, Municipio de Santa Rosa del Conlara, Junín, San Luis, Argentina";"-32.34276884127258";"-65.20724773406984";"2025-05-10 18:49:16";"2025-05-10 18:49:16"
574;"Santa Rosa del Conlara, Municipio de Santa Rosa del Conlara, Junín, San Luis, Argentina";"-32.34207541249846";"-65.21388888359071";"2025-05-10 18:51:57";"2025-05-10 18:51:57"
575;"San Martín, Santa Rosa del Conlara, Municipio de Santa Rosa del Conlara, Junín, San Luis, Argentina";"-32.342021025703204";"-65.2125531435013";"2025-05-10 18:53:59";"2025-05-10 18:53:59"
576;"DPIP Rentas - Direccion Provincial de Ingresos Publicos, 521, Rivadavia, Santa Rosa del Conlara, Municipio de Santa Rosa del Conlara, Junín, San Luis, Argentina";"-32.34334896060888";"-65.20859956741334";"2025-05-10 18:57:08";"2025-05-10 18:57:08"
577;"Ruta Provincial 5, Santa Rosa del Conlara, Municipio de Santa Rosa del Conlara, Junín, San Luis, Argentina";"-32.3405344406415";"-65.19114375114442";"2025-05-10 18:59:31";"2025-05-10 18:59:31"
578;"Avenida del Centenario, Tilisarao, Municipio de Tilisarao, Chacabuco, San Luis, Argentina";"-32.741082231501245";"-65.27787566184999";"2025-05-10 19:02:06";"2025-05-10 19:02:06"
579;"Pringles, Tilisarao, Municipio de Tilisarao, Chacabuco, San Luis, Argentina";"-32.73199432528226";"-65.29124379158021";"2025-05-10 19:07:44";"2025-05-10 19:07:44"
580;"Bartolomé Mitre, Tilisarao, Municipio de Tilisarao, Chacabuco, San Luis, Argentina";"-32.73164685466652";"-65.29412448406221";"2025-05-10 19:15:41";"2025-05-10 19:15:41"
581;"Avenida Antonio Dassa, Unión, Municipio de Unión, Gobernador Dupuy, San Luis, Argentina";"-35.149389418224565";"-65.94567060470582";"2025-05-10 19:19:17";"2025-05-10 19:19:17"
582;"Maximo Barthel, Unión, Municipio de Unión, Gobernador Dupuy, San Luis, Argentina";"-35.15440711811583";"-65.94545602798463";"2025-05-10 19:22:18";"2025-05-10 19:22:18"
583;"Avenida Wust, Unión, Municipio de Unión, Gobernador Dupuy, San Luis, Argentina";"-35.15654744140029";"-65.94245195388795";"2025-05-10 19:23:54";"2025-05-10 19:23:54"
584;"Villa del Carmen, Municipio de Villa del Carmen, Chacabuco, San Luis, Argentina";"-32.94231212430785";"-65.04274785518648";"2025-05-10 19:43:31";"2025-05-10 19:43:31"
585;"Pringles, Villa Larca, Comisión Municipal de Villa Larca, Chacabuco, San Luis, Argentina";"-32.618864073791556";"-64.98016119003297";"2025-05-10 20:01:36";"2025-05-10 20:01:36"
586;"Villa Larca, Comisión Municipal de Villa Larca, Chacabuco, San Luis, Argentina";"-32.61795136950605";"-64.98239278793336";"2025-05-10 20:03:39";"2025-05-10 20:03:39"
587;"Ruta Provincial 1, Barrio 156 Viviendas, Merlo, Municipio de Merlo, Junín, San Luis, 5881, Argentina";"-32.34956688113994";"-65.01580238342287";"2025-05-10 20:10:31";"2025-05-10 20:10:31"
588;"El Algarrobo, Barrio Las Magdalenas, Merlo, Municipio de Merlo, Junín, San Luis, 5881, Argentina";"-32.3473553082289";"-65.01673579216005";"2025-05-13 16:26:54";"2025-05-13 16:26:54"
589;"Poeta Agüero, Barrio Las Magdalenas, Merlo, Municipio de Merlo, Junín, San Luis, 5881, Argentina";"-32.34554703528504";"-65.01573264598848";"2025-05-13 16:30:50";"2025-05-13 16:30:50"
590;"Avenida Norte, Pantanillo, Merlo, Municipio de Merlo, Junín, San Luis, 5881, Argentina";"-32.33480542103509";"-65.01447737216951";"2025-05-13 16:37:20";"2025-05-13 16:37:20"
591;"Clima Sol Hotel, 437, Avenida del Deporte, Barrio Virgen del Tala, Merlo, Municipio de Merlo, Junín, San Luis, 5881, Argentina";"-32.346630190587135";"-65.00421524047853";"2025-05-13 16:39:11";"2025-05-13 16:39:11"
592;"Avenida del Sol, Merlo, Municipio de Merlo, Junín, San Luis, 5881, Argentina";"-32.34714683750216";"-65.00076055526735";"2025-05-13 16:41:01";"2025-05-13 16:41:01"
593;"El Descanso, 501, Presbítero Becerra, Barrio Virgen del Tala, Merlo, Municipio de Merlo, Junín, San Luis, 5881, Argentina";"-32.344255389625765";"-65.01330256462099";"2025-05-13 16:43:44";"2025-05-13 16:43:44"
594;"Coronel Pringles, Barrio Virgen del Tala, Merlo, Municipio de Merlo, Junín, San Luis, 5881, Argentina";"-32.34379311196178";"-65.01196146011354";"2025-05-13 16:45:20";"2025-05-13 16:45:20"
595;"Comechingones, Coronel Mercau, Barrio Las Magdalenas, Merlo, Municipio de Merlo, Junín, San Luis, 5881, Argentina";"-32.34264647187506";"-65.01412868499757";"2025-05-13 16:46:22";"2025-05-13 16:46:22"
596;"Pedernera, Merlo, Municipio de Merlo, Junín, San Luis, 5881, Argentina";"-32.35018321149798";"-65.00887155532838";"2025-05-13 16:48:53";"2025-05-13 16:48:53"
597;"Coronel Pringles, Barrio Virgen del Tala, Merlo, Municipio de Merlo, Junín, San Luis, 5881, Argentina";"-32.341690171994415";"-65.01178979873659";"2025-05-13 16:50:39";"2025-05-13 16:50:39"
598;"Juana Azurduy, Barrio Las Magdalenas, Merlo, Municipio de Merlo, Junín, San Luis, 5881, Argentina";"-32.34753658673122";"-65.01951456069948";"2025-05-13 16:52:43";"2025-05-13 16:52:43"
599;"Huracan, Barrio 156 Viviendas, Merlo, Municipio de Merlo, Junín, San Luis, 5881, Argentina";"-32.34999287462969";"-65.02226114273073";"2025-05-13 16:54:31";"2025-05-13 16:54:31"
600;"Ruta Provincial 5, Barrio San Agustín, Merlo, Municipio de Merlo, Junín, San Luis, 5881, Argentina";"-32.347645353658265";"-65.0280547142029";"2025-05-13 16:56:05";"2025-05-13 16:56:05"
601;"Avenida Dos Venados, Barrio Barranca Arriba, Merlo, Municipio de Merlo, Junín, San Luis, 5881, Argentina";"-32.33362240583218";"-64.99881863594057";"2025-05-13 16:57:39";"2025-05-13 16:57:39"
602;"Avenida Del Libertador, Barranca Colorada, Merlo, Municipio de Merlo, Junín, San Luis, 5881, Argentina";"-32.33407567018922";"-65.00604987144472";"2025-05-13 16:59:18";"2025-05-13 16:59:18"
603;"Avenida José Alberto Mercau, Barrio Las Moreras, Merlo, Municipio de Merlo, Junín, San Luis, 5881, Argentina";"-32.35615596020907";"-64.99532103538515";"2025-05-13 17:00:36";"2025-05-13 17:00:36"
604;"Cabañas Monteolivos, 321, Avenida José Alberto Mercau, Barrio Las Moreras, Merlo, Municipio de Merlo, Junín, San Luis, 5881, Argentina";"-32.347735992664234";"-64.99592185020448";"2025-05-13 17:01:37";"2025-05-13 17:01:37"
605;"Avenida Dos Venados, Merlo, Municipio de Merlo, Junín, San Luis, 5881, Argentina";"-32.346303885752214";"-64.99564826488496";"2025-05-13 17:05:51";"2025-05-13 17:05:51"
606;"Avenida De Los Incas, Piedra Blanca, Merlo, Municipio de Merlo, Junín, San Luis, 5881, Argentina";"-32.31790179375708";"-65.00431180000307";"2025-05-13 17:07:24";"2025-05-13 17:07:24"
607;"Avenida Dos Venados, Barrio Barranca Arriba, Merlo, Municipio de Merlo, Junín, San Luis, 5881, Argentina";"-32.317471115745434";"-65.00040113925935";"2025-05-13 17:08:36";"2025-05-13 17:08:36"
608;"Ruta Provincial 1, Barrio 156 Viviendas, Merlo, Municipio de Merlo, Junín, San Luis, 5881, Argentina";"-32.35621033850684";"-65.0159525871277";"2025-05-13 17:09:44";"2025-05-13 17:09:44"
609;"Padre Pablo Tissera, Barrio Virgen del Tala, Merlo, Municipio de Merlo, Junín, San Luis, 5881, Argentina";"-32.343358024944";"-65.01020193099977";"2025-05-13 17:11:53";"2025-05-13 17:11:53"
610;"Comechingones, Barrio Virgen del Tala, Merlo, Municipio de Merlo, Junín, San Luis, 5881, Argentina";"-32.340684006706915";"-65.00797033309938";"2025-05-13 17:13:10";"2025-05-13 17:13:10"
611;"Avenida del Deporte, Barrio Virgen del Tala, Merlo, Municipio de Merlo, Junín, San Luis, 5881, Argentina";"-32.342800566644925";"-65.00400066375734";"2025-05-13 17:14:48";"2025-05-13 17:14:48"
612;"Güemes, Merlo, Municipio de Merlo, Junín, San Luis, 5881, Argentina";"-32.349603135983116";"-65.00784158706666";"2025-05-13 17:16:08";"2025-05-13 17:16:08"
613;"299, Avenida del Sol, Merlo, Municipio de Merlo, Junín, San Luis, 5881, Argentina";"-32.34600930398763";"-65.00932216644289";"2025-05-13 17:25:43";"2025-05-13 17:25:43"
614;"Doctor Ventura Baigorria, Barrio Dabal, Merlo, Municipio de Merlo, Junín, San Luis, 5881, Argentina";"-32.33405753965852";"-65.02717494964601";"2025-05-13 17:27:59";"2025-05-13 17:27:59"
615;"Barrio Dabal, Merlo, Municipio de Merlo, Junín, San Luis, 5881, Argentina";"-32.33580711913677";"-65.02249717712404";"2025-05-13 17:30:09";"2025-05-13 17:30:09"
616;"Alberto Olivera, Barrio Dabal, Merlo, Municipio de Merlo, Junín, San Luis, 5881, Argentina";"-32.336496063432755";"-65.0238597393036";"2025-05-13 17:32:17";"2025-05-13 17:32:17"
617;"Juana Azurduy, Barrio Las Magdalenas, Merlo, Municipio de Merlo, Junín, San Luis, 5881, Argentina";"-32.33981380067947";"-65.0194823741913";"2025-05-13 17:33:56";"2025-05-13 17:33:56"
618;"Municipio de Merlo, Junín, San Luis, Argentina";"-32.34943998907436";"-65.06585240364076";"2025-05-13 17:35:13";"2025-05-13 17:35:13"
619;"Cabañas Sierras Doradas, 2350, Ruta Provincial 5, Rincón del Este, Merlo, Municipio de Merlo, Junín, San Luis, 5881, Argentina";"-32.34962126339928";"-64.9816417694092";"2025-05-13 17:37:33";"2025-05-13 17:37:33"
620;"RP1, Piedra Blanca Abajo, Merlo, Municipio de Merlo, Junín, San Luis, 5881, Argentina";"-32.32226285993495";"-65.0162959098816";"2025-05-13 17:38:45";"2025-05-13 17:38:45"
621;"El Trapiche, Merlo, Municipio de Merlo, Junín, San Luis, 5881, Argentina";"-32.35419378808925";"-64.99881327152254";"2025-05-13 17:41:11";"2025-05-13 17:41:11"
622;"Los Almendros, Barrio Colinas San José, Merlo, Municipio de Merlo, Junín, San Luis, 5881, Argentina";"-32.34517540579186";"-65.00751972198488";"2025-05-13 17:45:57";"2025-05-13 17:45:57"
623;"Heroes de Malvinas, Barrio 156 Viviendas, Merlo, Municipio de Merlo, Junín, San Luis, 5881, Argentina";"-32.36480169882746";"-65.01747608184816";"2025-05-13 17:47:37";"2025-05-13 17:47:37"
624;"Merlo Club, 1791, Avenida de los Césares, Rincón del Este, Merlo, Municipio de Merlo, Junín, San Luis, 5881, Argentina";"-32.347581906300036";"-64.98971521854402";"2025-05-13 17:49:03";"2025-05-13 17:49:03"
625;"Avenida Eva Duarte, Barrio Las Moreras, Merlo, Municipio de Merlo, Junín, San Luis, 5881, Argentina";"-32.35594750976474";"-65.00459074974061";"2025-05-13 17:50:22";"2025-05-13 17:50:22"
626;"Las Majadas, Barrio Las Moreras, Merlo, Municipio de Merlo, Junín, San Luis, 5881, Argentina";"-32.35918296903352";"-64.99468803405763";"2025-05-13 17:51:38";"2025-05-13 17:51:38"
627;"Ruta Provincial 1, Merlo, Municipio de Merlo, Junín, San Luis, 5881, Argentina";"-32.32078955025661";"-65.03577411174776";"2025-05-13 17:53:34";"2025-05-13 17:53:34"
628;"1450, Doctor Mestre, SUPE, Colón, Villa Mercedes, Municipio de Villa Mercedes, General Pedernera, San Luis, 5730, Argentina";"-33.66489838022266";"-65.46813011169435";"2025-05-14 21:33:58";"2025-05-14 21:33:58"
629;"1499, Avenida 25 de Mayo, Teodoro Fels, Villa Mercedes, Municipio de Villa Mercedes, General Pedernera, San Luis, 5730, Argentina";"-33.66496088701248";"-65.46570539474489";"2025-05-14 21:37:05";"2025-05-14 21:37:05"
630;"Hotel Bonino, 1720, Avenida Mitre, Norte, Villa Mercedes, Municipio de Villa Mercedes, General Pedernera, San Luis, 5730, Argentina";"-33.66222840494069";"-65.45819520950319";"2025-05-14 21:42:03";"2025-05-14 21:42:03"
631;"Avenida Los Álamos, Villa Celestina, Municipio de Villa Mercedes, General Pedernera, San Luis, D5730, Argentina";"-33.66052279207356";"-65.45367836952211";"2025-05-14 21:45:27";"2025-05-14 21:45:27"
632;"1848, Avenida Presidente Perón, Carlos Pellegrini, Villa Mercedes, Municipio de Villa Mercedes, General Pedernera, San Luis, 5730, Argentina";"-33.66219268564614";"-65.4467797279358";"2025-05-14 21:51:11";"2025-05-14 21:51:11"
633;"900, Doctor Zabala Ortiz, Rafael Origone, El Criollo, Villa Mercedes, Municipio de Villa Mercedes, General Pedernera, San Luis, 5730, Argentina";"-33.66734504066193";"-65.44034242630006";"2025-05-14 21:54:42";"2025-05-14 21:54:42"
634;"351, Maipú, Almirante Brown, Municipio de Villa Mercedes, General Pedernera, San Luis, 5730, Argentina";"-33.67644350659342";"-65.45553445816041";"2025-05-14 21:58:17";"2025-05-14 21:58:17"
635;"550, San Juan, Almirante Brown, Justo Daract, Villa Mercedes, Municipio de Villa Mercedes, General Pedernera, San Luis, 5730, Argentina";"-33.681809275150854";"-65.45261085033418";"2025-05-14 22:04:29";"2025-05-14 22:04:29"
636;"1300, Ardiles, Obras Sanitarias, Villa Mercedes, Municipio de Villa Mercedes, General Pedernera, San Luis, 5730, Argentina";"-33.68721934497653";"-65.43717741966249";"2025-05-14 22:08:45";"2025-05-14 22:08:45"
637;"1300, Avenida Pringles, COVIMER 2, Tres Esquinas, Villa Mercedes, Municipio de Villa Mercedes, General Pedernera, San Luis, 5730, Argentina";"-33.695190989003066";"-65.43968796730043";"2025-05-14 22:11:17";"2025-05-14 22:11:17"
638;"15, Lavalle, Güemes, Municipio de Villa Mercedes, General Pedernera, San Luis, 5730, Argentina";"-33.69239698069505";"-65.46714305877687";"2025-05-14 22:17:42";"2025-05-14 22:17:42"
639;"0, España, Centro, Municipio de Villa Mercedes, General Pedernera, San Luis, 5730, Argentina";"-33.68812991731024";"-65.46699285507204";"2025-05-15 17:52:20";"2025-05-15 17:52:20"
640;"400, Lavalle, Centro, Municipio de Villa Mercedes, General Pedernera, San Luis, 5730, Argentina";"-33.68572848513338";"-65.46512603759767";"2025-05-15 17:53:58";"2025-05-15 17:53:58"
641;"799, San Martín, Cuatro Avenidas, San Luis, Municipio de San Luis, Juan Martín de Pueyrredón, San Luis, D5702JRP, Argentina";"-33.301668032090625";"-66.33777737617494";"2025-05-15 18:09:59";"2025-05-15 18:09:59"
642;"Santa Fe, El Brete, San Luis, Municipio de San Luis, Juan Martín de Pueyrredón, San Luis, D5702JRP, Argentina";"-33.28946299784452";"-66.35421931743623";"2025-05-15 18:22:13";"2025-05-15 18:22:13"
643;"342, Rivadavia, Cuatro Avenidas, San Luis, Municipio de San Luis, Juan Martín de Pueyrredón, San Luis, D5700, Argentina";"-33.307451599607205";"-66.33484840393068";"2025-05-15 18:31:19";"2025-05-15 18:31:19"
644;"Avenida del Viento Chorrillero, Barrio Juan Francisco Oyola, San Roque, Juana Koslay, Municipio de Juana Koslay, Juan Martín de Pueyrredón, San Luis, 5700, Argentina";"-33.293014381589124";"-66.26569032669069";"2025-05-15 18:45:14";"2025-05-15 18:45:14"
645;"Lucas Rodríguez, San Luis, Municipio de San Luis, Juan Martín de Pueyrredón, San Luis, 5702, Argentina";"-33.3030579166598";"-66.31373405456544";"2025-05-15 20:20:21";"2025-05-15 20:20:21"
646;"Río de las Carpas, Juana Koslay, Municipio de Juana Koslay, Juan Martín de Pueyrredón, San Luis, Argentina";"-33.29260185453403";"-66.27538919448854";"2025-05-15 20:33:52";"2025-05-15 20:33:52"
647;"865, Junín, Cuatro Avenidas, San Luis, Municipio de San Luis, Juan Martín de Pueyrredón, San Luis, D5702JRP, Argentina";"-33.30122864461908";"-66.33579254150392";"2025-05-15 20:51:45";"2025-05-15 20:51:45"
648;"1241, Rivadavia, Cuatro Avenidas, San Luis, Municipio de San Luis, Juan Martín de Pueyrredón, San Luis, D5702JRP, Argentina";"-33.29568679221986";"-66.33798122406007";"2025-05-15 21:24:37";"2025-05-15 21:24:37"
649;"804, Avenida España, ATE, Cuatro Avenidas, San Luis, Municipio de San Luis, Juan Martín de Pueyrredón, San Luis, D5702JRP, Argentina";"-33.29298299372958";"-66.33651137351991";"2025-05-19 11:10:37";"2025-05-19 11:10:37"
650;"Avenida de la Fuerza Aérea, Jardín Aeropuerto, San Luis, Municipio de San Luis, Juan Martín de Pueyrredón, San Luis, D5700HHW, Argentina";"-33.28200551840801";"-66.34402692317964";"2025-05-19 11:25:31";"2025-05-19 11:25:31"
651;"350, Belgrano, San Martín, Centro, Municipio de Villa Mercedes, General Pedernera, San Luis, 5730, Argentina";"-33.685915959948204";"-65.46857535839082";"2025-05-19 11:37:37";"2025-05-19 11:37:37"
652;"499, Lavalle, Centro, Villa Mercedes, Municipio de Villa Mercedes, General Pedernera, San Luis, 5730, Argentina";"-33.68394299021599";"-65.46461105346681";"2025-05-19 11:40:19";"2025-05-19 11:40:19"
653;"448, Pedernera, Centro, Municipio de Villa Mercedes, General Pedernera, San Luis, D5730, Argentina";"-33.68463487389762";"-65.46593070030214";"2025-05-19 11:41:44";"2025-05-19 11:41:44"
654;"0, Profesor Ricardo D'agnillo, Centro, Sarmiento, Villa Mercedes, Municipio de Villa Mercedes, General Pedernera, San Luis, 5730, Argentina";"-33.682831500901244";"-65.4653835296631";"2025-05-19 11:43:08";"2025-05-19 11:43:08"
655;"250, Coronel Iseas, ATE, Las Mirandas, Sarmiento, Villa Mercedes, Municipio de Villa Mercedes, General Pedernera, San Luis, 5730, Argentina";"-33.67901483181432";"-65.46996474266054";"2025-05-19 11:45:22";"2025-05-19 11:45:22"
656;"Pescadores, Centro, Municipio de Villa Mercedes, General Pedernera, San Luis, D5730, Argentina";"-33.68433580227985";"-65.4715418815613";"2025-05-19 11:46:36";"2025-05-19 11:46:36"
657;"Riobamba, 70 Viviendas, San Luis, Municipio de San Luis, Juan Martín de Pueyrredón, San Luis, D5700HHW, Argentina";"-33.27330058287578";"-66.31770372390748";"2025-05-19 11:47:20";"2025-05-19 11:47:20"
658;"Avenida 25 de Mayo, San Antonio, Municipio de Villa Mercedes, General Pedernera, San Luis, D5730, Argentina";"-33.689665370377064";"-65.47310829162599";"2025-05-19 11:48:12";"2025-05-19 11:48:12"
659;"300, Potosí, Militar Aeronáutico, San Antonio, Villa Mercedes, Municipio de Villa Mercedes, General Pedernera, San Luis, 5730, Argentina";"-33.68770141388428";"-65.47330141067506";"2025-05-19 11:49:36";"2025-05-19 11:49:36"
660;"Ruta Nacional 188, Canalejas (San Luis), Distrito Bowen, Gobernador Dupuy, San Luis, Argentina";"-35.1687304221685";"-66.49579167366029";"2025-05-19 11:50:19";"2025-05-19 11:50:19"
661;"1650, General Guido, Viva San Luis, El Criollo, Villa Mercedes, Municipio de Villa Mercedes, General Pedernera, San Luis, 5730, Argentina";"-33.66754148483244";"-65.43930172920228";"2025-05-19 11:57:17";"2025-05-19 11:57:17"
662;"Ruta Nacional 79, Bajo Hondo, Ulapes, Departamento General San Martín, La Rioja, F5273, Argentina";"-31.89701603889254";"-65.82516431808473";"2025-05-19 11:57:35";"2025-05-19 11:57:35"
663;"RP51b, El Cadillo, Departamento General San Martín, La Rioja, Argentina";"-31.896815645661572";"-65.82503557205202";"2025-05-19 11:59:10";"2025-05-19 11:59:10"
664;"1235, Colón, Cuatro Avenidas, San Luis, Municipio de San Luis, Juan Martín de Pueyrredón, San Luis, D5702JRP, Argentina";"-33.29553434146618";"-66.33589982986452";"2025-05-19 12:01:06";"2025-05-19 12:01:06"
665;"1350, Agüero, Viva San Luis, El Criollo, Villa Mercedes, Municipio de Villa Mercedes, General Pedernera, San Luis, 5730, Argentina";"-33.67221136641525";"-65.44426918029787";"2025-05-19 12:01:20";"2025-05-19 12:01:20"
666;"Avenida Mitre, Teodoro Fels, Municipio de Villa Mercedes, General Pedernera, San Luis, D5730, Argentina";"-33.661045195418176";"-65.45763194561006";"2025-05-19 12:03:08";"2025-05-19 12:03:08"
667;"1700, Las Heras, Belgrano, Villa Mercedes, Municipio de Villa Mercedes, General Pedernera, San Luis, 5730, Argentina";"-33.66154080591561";"-65.46243846416475";"2025-05-19 12:04:52";"2025-05-19 12:04:52"
668;"Ruta Nacional 188, Municipio de Rancul, Comisión Municipal de Nueva Galia, Gobernador Dupuy, San Luis, Argentina";"-35.09491607522626";"-65.11738836765291";"2025-05-19 12:05:41";"2025-05-19 12:05:41"
669;"Terminal de Ómnibus, Acceso Ómnibus, SUPE, Colón, Municipio de Villa Mercedes, General Pedernera, San Luis, D5730, Argentina";"-33.66481801428328";"-65.46655833721162";"2025-05-19 12:06:39";"2025-05-19 12:06:39"
670;"Ruta Nacional 188, Municipio de Rancul, Comisión Municipal de Nueva Galia, Departamento Rancul, La Pampa, Argentina";"-35.0949467994159";"-65.1169538497925";"2025-05-19 12:07:39";"2025-05-19 12:07:39"
671;"Policlínico Regional Villa Mercedes, Los Tamarindos, Los Acacios, Almirante Brown, Municipio de Villa Mercedes, General Pedernera, San Luis, 5730, Argentina";"-33.67529174223693";"-65.45251965522768";"2025-05-19 12:08:01";"2025-05-19 12:08:01"
672;"950, Chacabuco, Pablo Díaz, Villa Mercedes, Municipio de Villa Mercedes, General Pedernera, San Luis, 5730, Argentina";"-33.67046130665575";"-65.4829251766205";"2025-05-19 12:10:29";"2025-05-19 12:10:29"
673;"Municipio de Desaguadero, Juan Martín de Pueyrredón, San Luis, Argentina";"-33.405077629869126";"-67.15058326721193";"2025-05-19 12:11:04";"2025-05-19 12:11:04"
674;"750, Buenos Aires, Santa Rita de Casia, Hipólito Yrigoyen, Villa Mercedes, Municipio de Villa Mercedes, General Pedernera, San Luis, 5730, Argentina";"-33.689852836605034";"-65.4504704475403";"2025-05-19 12:13:15";"2025-05-19 12:13:15"
675;"Municipio de Desaguadero, Juan Martín de Pueyrredón, San Luis, Argentina";"-33.405794140708416";"-67.14895248413087";"2025-05-19 12:14:34";"2025-05-19 12:14:34"
676;"Municipalidad de Villa Mercedes, 1017, Avenida Mitre, San Martín, Almirante Brown, Villa Mercedes, Municipio de Villa Mercedes, General Pedernera, San Luis, 5730, Argentina";"-33.67458192628752";"-65.46179473400117";"2025-05-19 12:15:12";"2025-05-19 12:15:12"
677;"600, Avenida 25 de Mayo, Sarmiento, Municipio de Villa Mercedes, General Pedernera, San Luis, 5730, Argentina";"-33.68033617736369";"-65.47029733657838";"2025-05-19 12:20:07";"2025-05-19 12:20:07"
678;"1699, Doctor Juan B. Justo, Rafael Origone, Norte, Villa Mercedes, Municipio de Villa Mercedes, General Pedernera, San Luis, 5730, Argentina";"-33.663219609448845";"-65.45504093170167";"2025-05-19 12:22:50";"2025-05-19 12:22:50"
679;"101, Ayacucho, Centro, Villa Mercedes, Municipio de Villa Mercedes, General Pedernera, San Luis, 5730, Argentina";"-33.68945112275867";"-65.46959996223451";"2025-05-19 12:24:25";"2025-05-19 12:24:25"
680;"1000, Lavalle, Cuatro Avenidas, San Luis, Municipio de San Luis, Juan Martín de Pueyrredón, San Luis, D5702JRP, Argentina";"-33.299116863744764";"-66.33855521678926";"2025-05-19 12:25:16";"2025-05-19 12:25:16"
681;"625, Chacabuco, Federal, Villa Mercedes, Municipio de Villa Mercedes, General Pedernera, San Luis, 5730, Argentina";"-33.67227833228027";"-65.47657907009126";"2025-05-19 12:25:45";"2025-05-19 12:25:45"
682;"1552, General Paz, Poder Judicial, Almirante Brown, Norte, Villa Mercedes, Municipio de Villa Mercedes, General Pedernera, San Luis, 5730, Argentina";"-33.66540289801581";"-65.45794844627382";"2025-05-19 12:27:07";"2025-05-19 12:27:07"
683;"1350, Almafuerte, SUPE, Colón, Villa Mercedes, Municipio de Villa Mercedes, General Pedernera, San Luis, 5730, Argentina";"-33.66711287879111";"-65.46765804290773";"2025-05-19 12:28:17";"2025-05-19 12:28:17"
684;"1249, Avenida Mitre, San Martín, Almirante Brown, Villa Mercedes, Municipio de Villa Mercedes, General Pedernera, San Luis, 5730, Argentina";"-33.670550596281075";"-65.46058237552644";"2025-05-19 12:29:34";"2025-05-19 12:29:34"
685;"Ruta Nacional 7, Municipio de Justo Daract, General Pedernera, San Luis, 5738, Argentina";"-33.865996992037736";"-65.12437820434572";"2025-05-19 12:29:40";"2025-05-19 12:29:40"
686;"Ruta Nacional 7 Libertador General San Martín, Municipio de Justo Daract, Pedanía Tres de Febrero, General Pedernera, San Luis, X5800, Argentina";"-33.86784996393825";"-65.12231826782228";"2025-05-19 12:31:20";"2025-05-19 12:31:20"
687;"750, Pueyrredón, Sarmiento, Municipio de Villa Mercedes, General Pedernera, San Luis, 5730, Argentina";"-33.67835415142451";"-65.46856462955476";"2025-05-19 12:31:24";"2025-05-19 12:31:24"
688;"250, Avenida Presidente Perón, 9 de Julio, Pringles, Municipio de Villa Mercedes, General Pedernera, San Luis, D5730, Argentina";"-33.69066518553439";"-65.45526623725893";"2025-05-19 12:32:54";"2025-05-19 12:32:54"
689;"250, Avenida Presidente Perón, 9 de Julio, Pringles, Municipio de Villa Mercedes, General Pedernera, San Luis, D5730, Argentina";"-33.69066518553439";"-65.45526623725893";"2025-05-19 12:32:55";"2025-05-19 12:32:55"
690;"250, Avenida Presidente Perón, 9 de Julio, Pringles, Municipio de Villa Mercedes, General Pedernera, San Luis, D5730, Argentina";"-33.69066518553439";"-65.45526623725893";"2025-05-19 12:33:37";"2025-05-19 12:33:37"
691;"Avenida Los Eucaliptos, Las Chacras, Municipio de Juana Koslay, Juan Martín de Pueyrredón, San Luis, 5700, Argentina";"-33.27586596062711";"-66.23116493225099";"2025-05-19 12:35:04";"2025-05-19 12:35:04"
692;"Ruta Nacional 146, Juan Martín de Pueyrredón, San Luis, Argentina";"-34.08678665571844";"-66.70929551124574";"2025-05-19 12:35:56";"2025-05-19 12:35:56"
693;"550, Pellegrini, Eva Perón 1, Carlos Pellegrini, Villa Mercedes, Municipio de Villa Mercedes, General Pedernera, San Luis, 5730, Argentina";"-33.659460115652394";"-65.44586777687074";"2025-05-19 12:35:59";"2025-05-19 12:35:59"
694;"0, Tucumán, Centro, Municipio de Villa Mercedes, General Pedernera, San Luis, 5730, Argentina";"-33.68549637289138";"-65.46618819236757";"2025-05-19 12:36:51";"2025-05-19 12:36:51"
695;"Avenida Los Álamos, Remedios de Escalada, Municipio de Villa Mercedes, General Pedernera, San Luis, 5730, Argentina";"-33.648341411555194";"-65.44969797134401";"2025-05-19 12:38:11";"2025-05-19 12:38:11"
696;"RP2B;RP7, Unión, Quintas de Betbeder, Municipio de Villa Mercedes, General Pedernera, San Luis, D5730, Argentina";"-33.67733633656512";"-65.50299882888795";"2025-05-19 12:39:02";"2025-05-19 12:39:02"
697;"1100, 1º de Mayo, COVIMER 2, Tres Esquinas, Villa Mercedes, Municipio de Villa Mercedes, General Pedernera, San Luis, 5730, Argentina";"-33.696985176468615";"-65.44460177421571";"2025-05-19 12:40:57";"2025-05-19 12:40:57"
698;"Doctor Ernesto Moretti Arrospide, Jardín del Sur, Tres Esquinas, Municipio de Villa Mercedes, General Pedernera, San Luis, D5730, Argentina";"-33.70164453310321";"-65.43005347251894";"2025-05-19 12:42:40";"2025-05-19 12:42:40"
699;"Intendente Leyes, Teodoro Fels, Municipio de Villa Mercedes, General Pedernera, San Luis, D5730, Argentina";"-33.66738968710372";"-65.46652078628541";"2025-05-19 12:44:41";"2025-05-19 12:44:41"
700;"Avenida del Fundador, Alto Las Lomas, San Luis, Municipio de San Luis, Juan Martín de Pueyrredón, San Luis, 5702, Argentina";"-33.29407259424596";"-66.2968146800995";"2025-05-19 12:44:59";"2025-05-19 12:44:59"
701;"Los Acacios, Almirante Brown, Municipio de Villa Mercedes, General Pedernera, San Luis, 5730, Argentina";"-33.67363103158866";"-65.45472979545595";"2025-05-19 12:46:43";"2025-05-19 12:46:43"
702;"Ruta Provincial 30, La Punilla, Comisión Municipal de La Punilla, General Pedernera, San Luis, Argentina";"-33.145133280513754";"-65.08356571197511";"2025-05-19 12:47:37";"2025-05-19 12:47:37"
703;"201, Maipú, Almirante Brown, Municipio de Villa Mercedes, General Pedernera, San Luis, D5730, Argentina";"-33.675782806445994";"-65.45871019363405";"2025-05-19 12:48:15";"2025-05-19 12:48:15"
704;"Santiago del Estero, Teodoro Fels, Municipio de Villa Mercedes, General Pedernera, San Luis, D5730, Argentina";"-33.66266150020715";"-65.46162307262422";"2025-05-19 12:49:32";"2025-05-19 12:49:32"
705;"Pedernera, Lafinur, Municipio de Villa Mercedes, General Pedernera, San Luis, D5730, Argentina";"-33.69336998431316";"-65.47024905681612";"2025-05-19 12:51:34";"2025-05-19 12:51:34"
706;"Avenida Jorge Newbery, Quintas de Belletini, Tres Esquinas, Municipio de Villa Mercedes, General Pedernera, San Luis, D5730, Argentina";"-33.70015392350837";"-65.42871236801149";"2025-05-19 12:53:34";"2025-05-19 12:53:34"
707;"252, Madre Cabrini, Almirante Brown, Municipio de Villa Mercedes, General Pedernera, San Luis, D5730, Argentina";"-33.67234529809315";"-65.45663952827455";"2025-05-19 12:54:47";"2025-05-19 12:54:47"
708;"Landaburu de Catnich, Complejo La Ribera, La Ribera 2.294 Viviendas, Municipio de Villa Mercedes, General Pedernera, San Luis, D5730, Argentina";"-33.69510172496677";"-65.504989027977";"2025-05-19 12:56:19";"2025-05-19 12:56:19"
709;"Ruta Provincial 30, Pedanía Achiras, Departamento Río Cuarto, Córdoba, X5800, Argentina";"-33.145663283505066";"-65.0832760334015";"2025-05-19 12:57:28";"2025-05-19 12:57:28"
710;"2000, Avenida Los Álamos, Villa Celestina, Villa Mercedes, Municipio de Villa Mercedes, General Pedernera, San Luis, 5730, Argentina";"-33.657959844243415";"-65.4528844356537";"2025-05-19 12:57:34";"2025-05-19 12:57:34"
711;"800, Federico García Lorca, Los Poetas, Villa Mercedes, Municipio de Villa Mercedes, General Pedernera, San Luis, 5730, Argentina";"-33.67224708154975";"-65.4880052804947";"2025-05-19 12:58:50";"2025-05-19 12:58:50"
712;"Héctor Aubert, Jardín del Sur, Tres Esquinas, Municipio de Villa Mercedes, General Pedernera, San Luis, D5730, Argentina";"-33.70452749503767";"-65.43385148048402";"2025-05-19 13:01:00";"2025-05-19 13:01:00"
713;"Escuela N° 69 Maestra Olga Esther Sarden, Carlos Gardel, Obras Sanitarias, Municipio de Villa Mercedes, General Pedernera, San Luis, 5730, Argentina";"-33.68970554174605";"-65.43598115444185";"2025-05-19 13:02:12";"2025-05-19 13:02:12"
714;"Ruta Provincial 30, La Punilla, Comisión Municipal de La Punilla, General Pedernera, San Luis, Argentina";"-33.14533090912213";"-65.08341550827028";"2025-05-19 13:03:02";"2025-05-19 13:03:02"
715;"Avenida Mario Erns, Complejo La Ribera, La Ribera 2.294 Viviendas, Municipio de Villa Mercedes, General Pedernera, San Luis, D5730, Argentina";"-33.691227576448966";"-65.50415754318239";"2025-05-19 13:03:33";"2025-05-19 13:03:33"
716;"1098, Avenida Presidente Perón, Almirante Brown, Villa Mercedes, Municipio de Villa Mercedes, General Pedernera, San Luis, 5730, Argentina";"-33.67555066735121";"-65.45078158378602";"2025-05-19 13:05:02";"2025-05-19 13:05:02"
717;"1044, Falucho, Cuatro Avenidas, Antártida Argentina, San Luis, Municipio de San Luis, Juan Martín de Pueyrredón, San Luis, D5702JRP, Argentina";"-33.299121347410114";"-66.34619414806367";"2025-05-19 13:05:30";"2025-05-19 13:05:30"
718;"Ruta Provincial 30, La Punilla, Comisión Municipal de La Punilla, General Pedernera, San Luis, Argentina";"-33.14480988728531";"-65.08365154266359";"2025-05-19 13:06:18";"2025-05-19 13:06:18"
719;"650, Montevideo, ATE, Las Mirandas, Municipio de Villa Mercedes, General Pedernera, San Luis, 5730, Argentina";"-33.6787291328093";"-65.47564029693605";"2025-05-19 13:06:25";"2025-05-19 13:06:25"
720;"250, León Guillet, Pringles, Municipio de Villa Mercedes, General Pedernera, San Luis, D5730, Argentina";"-33.689495757723215";"-65.46062529087068";"2025-05-19 13:07:26";"2025-05-19 13:07:26"
721;"ATE, Quintas de Betbeder, Municipio de Villa Mercedes, General Pedernera, San Luis, D5730, Argentina";"-33.68401441072476";"-65.48804283142091";"2025-05-19 13:08:25";"2025-05-19 13:08:25"
722;"300, Lamadrid, ATE, Las Mirandas, San Antonio, Municipio de Villa Mercedes, General Pedernera, San Luis, 5730, Argentina";"-33.6851660582356";"-65.47641813755037";"2025-05-19 13:11:37";"2025-05-19 13:11:37"
723;"Avenida del Fundador, Alto Las Lomas, San Luis, Municipio de San Luis, Juan Martín de Pueyrredón, San Luis, 5702, Argentina";"-33.29406362639601";"-66.29746913909914";"2025-05-19 13:11:48";"2025-05-19 13:11:48"
724;"102, 9 de Julio, El Faro, Cuatro Avenidas, San Luis, Municipio de San Luis, Juan Martín de Pueyrredón, San Luis, 5702, Argentina";"-33.303932187540404";"-66.32235467433931";"2025-05-19 13:25:59";"2025-05-19 13:25:59"
725;"752, San Juan, Almirante Brown, Sarmiento, Villa Mercedes, Municipio de Villa Mercedes, General Pedernera, San Luis, 5730, Argentina";"-33.679474626657175";"-65.4632753133774";"2025-05-19 13:26:19";"2025-05-19 13:26:19"
726;"Jorge Luis Ruffa, La Ribera 520 Viviendas, Municipio de Villa Mercedes, General Pedernera, San Luis, D5730, Argentina";"-33.701448166851335";"-65.4981815814972";"2025-05-19 13:31:15";"2025-05-19 13:31:15"
727;"Ciudad de Rosario, San Cayetano, Pedro Payer, San Luis, Municipio de San Luis, Juan Martín de Pueyrredón, San Luis, 5702, Argentina";"-33.29645800959688";"-66.31437778472902";"2025-05-19 13:32:53";"2025-05-19 13:32:53"
728;"Avenida Mario Erns, Complejo La Ribera, La Ribera 2.294 Viviendas, Municipio de Villa Mercedes, General Pedernera, San Luis, D5730, Argentina";"-33.69384309218334";"-65.50255894660951";"2025-05-19 13:32:58";"2025-05-19 13:32:58"
729;"349, General Paz, Poder Judicial, Almirante Brown, Centro, Villa Mercedes, Municipio de Villa Mercedes, General Pedernera, San Luis, 5730, Argentina";"-33.68685332788901";"-65.46433746814729";"2025-05-19 13:34:20";"2025-05-19 13:34:20"
730;"140, Libertad, La Rioja, San Martín, Municipio de Villa Mercedes, General Pedernera, San Luis, 5730, Argentina";"-33.675939053560796";"-65.46642959117891";"2025-05-19 13:36:09";"2025-05-19 13:36:09"
731;"850, Centenario, El Criollo, Villa Mercedes, Municipio de Villa Mercedes, General Pedernera, San Luis, 5730, Argentina";"-33.663496430289456";"-65.4403853416443";"2025-05-19 13:38:34";"2025-05-19 13:38:34"
732;"600, Ministro Berrondo, Eva Perón 1, Carlos Pellegrini, Villa Mercedes, Municipio de Villa Mercedes, General Pedernera, San Luis, 5730, Argentina";"-33.657723191900516";"-65.4448163509369";"2025-05-19 13:40:57";"2025-05-19 13:40:57"
733;"2150, Brasil, Villa Celestina, Villa Mercedes, Municipio de Villa Mercedes, General Pedernera, San Luis, 5730, Argentina";"-33.656039815888676";"-65.44837296009065";"2025-05-19 13:42:30";"2025-05-19 13:42:30"
734;"2, Uruguay, San José, Güemes, Villa Mercedes, Municipio de Villa Mercedes, General Pedernera, San Luis, 5730, Argentina";"-33.694173373492184";"-65.46085596084596";"2025-05-19 13:43:37";"2025-05-19 13:43:37"
735;"50, 1º de Mayo, ATE II, Municipio de Villa Mercedes, General Pedernera, San Luis, 5730, Argentina";"-33.69804292615112";"-65.44047117233278";"2025-05-19 13:45:12";"2025-05-19 13:45:12"
736;"700, Lamadrid, ATE, Las Mirandas, Municipio de Villa Mercedes, General Pedernera, San Luis, 5730, Argentina";"-33.6780550579571";"-65.4742991924286";"2025-05-19 13:46:38";"2025-05-19 13:46:38"
737;"Héroes de Malvinas, Sol Naciente, Municipio de Villa Mercedes, General Pedernera, San Luis, 5730, Argentina";"-33.70205511563397";"-65.42861580848695";"2025-05-19 13:48:35";"2025-05-19 13:48:35"
738;"950, Colón, Santos Fredes, Villa Mercedes, Municipio de Villa Mercedes, General Pedernera, San Luis, 5730, Argentina";"-33.66779150403696";"-65.48210978507997";"2025-05-19 13:51:37";"2025-05-19 13:51:37"
739;"550, General Paz, Poder Judicial, Almirante Brown, Centro, Municipio de Villa Mercedes, General Pedernera, San Luis, 5730, Argentina";"-33.68330466678391";"-65.46328604221345";"2025-05-19 13:53:04";"2025-05-19 13:53:04"
740;"550, Belgrano, San Martín, Sarmiento, Municipio de Villa Mercedes, General Pedernera, San Luis, 5730, Argentina";"-33.68236279628005";"-65.4675078392029";"2025-05-19 13:54:19";"2025-05-19 13:54:19"
741;"700, Pedernera, San Martín, Sarmiento, Municipio de Villa Mercedes, General Pedernera, San Luis, 5730, Argentina";"-33.68015315436069";"-65.46460032463075";"2025-05-19 13:55:37";"2025-05-19 13:55:37"
742;"1650, Avenida Presidente Perón, Rafael Origone, Villa Mercedes, Municipio de Villa Mercedes, General Pedernera, San Luis, 5730, Argentina";"-33.66571096494779";"-65.44785261154176";"2025-05-19 13:56:48";"2025-05-19 13:56:48"
743;"1000, Belgrano, San Martín, Villa Mercedes, Municipio de Villa Mercedes, General Pedernera, San Luis, 5730, Argentina";"-33.67433639110466";"-65.46511530876161";"2025-05-19 13:57:57";"2025-05-19 13:57:57"
744;"700, Belgrano, San Martín, Sarmiento, Municipio de Villa Mercedes, General Pedernera, San Luis, 5730, Argentina";"-33.67970229115464";"-65.46670317649843";"2025-05-19 13:59:12";"2025-05-19 13:59:12"
745;"900, Montevideo, ATE, Las Mirandas, Municipio de Villa Mercedes, General Pedernera, San Luis, 5730, Argentina";"-33.67426496255619";"-65.47430992126466";"2025-05-19 14:00:48";"2025-05-19 14:00:48"
746;"1198, Madre Cabrini, Almirante Brown, Villa Mercedes, Municipio de Villa Mercedes, General Pedernera, San Luis, 5730, Argentina";"-33.67213547170519";"-65.45770168304445";"2025-05-19 14:04:04";"2025-05-19 14:04:04"
747;"Ruta Nacional 20, Encón, 25 de Mayo, San Juan, Argentina";"-32.33922459393058";"-67.26662635803224";"2025-05-19 14:04:22";"2025-05-19 14:04:22"
748;"1649, San Martín, Almirante Brown, Norte, Municipio de Villa Mercedes, General Pedernera, San Luis, 5730, Argentina";"-33.66384468750117";"-65.45634448528291";"2025-05-19 14:06:28";"2025-05-19 14:06:28"
749;"349, Buenos Aires, Pringles, Municipio de Villa Mercedes, General Pedernera, San Luis, 5730, Argentina";"-33.688004937365015";"-65.4590427875519";"2025-05-19 14:08:33";"2025-05-19 14:08:33"
750;"Belgrano, San Luis, Argentina";"-32.3396506361177";"-67.26576805114748";"2025-05-19 14:08:44";"2025-05-19 14:08:44"
751;"1399, Belgrano, San Martín, Teodoro Fels, Villa Mercedes, Municipio de Villa Mercedes, General Pedernera, San Luis, 5730, Argentina";"-33.667175383971816";"-65.46298027038576";"2025-05-19 14:10:37";"2025-05-19 14:10:37"
752;"Ruta Provincial 55, Municipio de Santa Rosa del Conlara, Junín, San Luis, Argentina";"-32.3221721954161";"-65.1731836795807";"2025-05-19 14:11:58";"2025-05-19 14:11:58"
753;"1400, Uruguay, ATE II, Villa Mercedes, Municipio de Villa Mercedes, General Pedernera, San Luis, 5730, Argentina";"-33.699721017073095";"-65.43882429599763";"2025-05-19 14:12:10";"2025-05-19 14:12:10"
754;"600, Chile, Libertad, Hipólito Yrigoyen, Municipio de Villa Mercedes, General Pedernera, San Luis, 5730, Argentina";"-33.68427777333796";"-65.44995546340944";"2025-05-19 14:13:04";"2025-05-19 14:13:04"
755;"Ruta Provincial 55, Municipio de Santa Rosa del Conlara, Junín, San Luis, Argentina";"-32.32307883651955";"-65.17325878143312";"2025-05-19 14:13:38";"2025-05-19 14:13:38"
756;"1750, Baigorria, Campaña al Desierto, Villa Rafaela, Villa Mercedes, Municipio de Villa Mercedes, General Pedernera, San Luis, 5730, Argentina";"-33.659477975868754";"-65.46766340732576";"2025-05-19 14:14:31";"2025-05-19 14:14:31"
757;"400, Avenida Presidente Perón, 9 de Julio, Villa Mercedes, Municipio de Villa Mercedes, General Pedernera, San Luis, 5730, Argentina";"-33.68803618236836";"-65.45450985431673";"2025-05-19 14:16:35";"2025-05-19 14:16:35"
758;"1450, Lamadrid, La Familia Obrera Limitada, Villa Rafaela, Villa Mercedes, Municipio de Villa Mercedes, General Pedernera, San Luis, 5730, Argentina";"-33.664612634319354";"-65.47029733657838";"2025-05-19 14:18:00";"2025-05-19 14:18:00"
759;"650, San Martín, Almirante Brown, Municipio de Villa Mercedes, General Pedernera, San Luis, 5730, Argentina";"-33.68174678060591";"-65.4617089033127";"2025-05-19 14:19:28";"2025-05-19 14:19:28"
760;"Ruta Provincial 55, Comisión Municipal de Arizona, Gobernador Dupuy, San Luis, Argentina";"-35.99995180815696";"-65.3980600833893";"2025-05-19 14:20:16";"2025-05-19 14:20:16"
761;"-50, Suipacha sur, Güemes, Municipio de Villa Mercedes, General Pedernera, San Luis, 5730, Argentina";"-33.69371365727013";"-65.46300172805788";"2025-05-19 14:20:45";"2025-05-19 14:20:45"
762;"Parroquia Sagrado Corazòn, 1075, Avenida Mitre, San Martín, Almirante Brown, Municipio de Villa Mercedes, General Pedernera, San Luis, 5730, Argentina";"-33.67323817061557";"-65.461403131485";"2025-05-19 14:22:09";"2025-05-19 14:22:09"
763;"1448, Italia, Norte, Villa Mercedes, Municipio de Villa Mercedes, General Pedernera, San Luis, 5730, Argentina";"-33.66810402702066";"-65.45425772666933";"2025-05-19 14:23:47";"2025-05-19 14:23:47"
764;"650, Urquiza, ATE, Las Mirandas, Villa Mercedes, Municipio de Villa Mercedes, General Pedernera, San Luis, 5730, Argentina";"-33.679796035184246";"-65.47938466072084";"2025-05-19 14:25:16";"2025-05-19 14:25:16"
765;"1150, Montevideo, Edificio Güemes, Colón, Villa Mercedes, Municipio de Villa Mercedes, General Pedernera, San Luis, 5730, Argentina";"-33.66978716699259";"-65.47296345233919";"2025-05-19 14:26:20";"2025-05-19 14:26:20"
766;"1100, Güemes, Edificio Güemes, Colón, Villa Mercedes, Municipio de Villa Mercedes, General Pedernera, San Luis, 5730, Argentina";"-33.66973805727422";"-65.47754466533662";"2025-05-19 14:27:39";"2025-05-19 14:27:39"
767;"1350, Nelson, Viva San Luis, El Criollo, Villa Mercedes, Municipio de Villa Mercedes, General Pedernera, San Luis, 5730, Argentina";"-33.67222029520026";"-65.44286370277406";"2025-05-19 14:30:06";"2025-05-19 14:30:06"
768;"1500, Avenida Presidente Perón, Rafael Origone, Villa Mercedes, Municipio de Villa Mercedes, General Pedernera, San Luis, 5730, Argentina";"-33.66836297377553";"-65.44864654541017";"2025-05-19 14:31:20";"2025-05-19 14:31:20"
769;"500, Junín, San Antonio, Villa Mercedes, Municipio de Villa Mercedes, General Pedernera, San Luis, 5730, Argentina";"-33.6840635122901";"-65.47720670700075";"2025-05-19 14:32:32";"2025-05-19 14:32:32"
770;"Policía Caminera, kilometro694,5, Ruta Nacional 8, Juan Jorba, Municipio de Juan Jorba, Pedanía Tres de Febrero, General Pedernera, San Luis, Argentina";"-33.59889267990892";"-65.12789726257326";"2025-05-19 14:32:55";"2025-05-19 14:32:55"
771;"750, San Cayetano, ATE, Las Mirandas, Municipio de Villa Mercedes, General Pedernera, San Luis, 5730, Argentina";"-33.67622922602075";"-65.47830104827882";"2025-05-19 14:34:38";"2025-05-19 14:34:38"
772;"Ruta Nacional 8, Juan Jorba, Municipio de Juan Jorba, Pedanía Tres de Febrero, General Pedernera, San Luis, Argentina";"-33.59946460698437";"-65.12901306152345";"2025-05-19 14:35:39";"2025-05-19 14:35:39"
773;"1198, Las Heras, San Martín, Villa Mercedes, Municipio de Villa Mercedes, General Pedernera, San Luis, 5730, Argentina";"-33.67051488044207";"-65.46509921550752";"2025-05-19 14:37:25";"2025-05-19 14:37:25"
774;"800, Avenida Pringles, Santa Rita de Casia, Hipólito Yrigoyen, Villa Mercedes, Municipio de Villa Mercedes, General Pedernera, San Luis, 5730, Argentina";"-33.69268709760546";"-65.45020222663881";"2025-05-19 14:38:20";"2025-05-19 14:38:20"
775;"Policía Caminera, kilometro694,5, Ruta Nacional 8, Juan Jorba, Municipio de Juan Jorba, Pedanía Tres de Febrero, General Pedernera, San Luis, Argentina";"-33.59853522356068";"-65.12785434722902";"2025-05-19 14:38:40";"2025-05-19 14:38:40"
776;"Italia, Villa Celestina, Municipio de Villa Mercedes, General Pedernera, San Luis, 5730, Argentina";"-33.65829919363704";"-65.45132875442506";"2025-05-19 14:39:45";"2025-05-19 14:39:45"
777;"Autopista de las Serranías Puntanas, Municipio de San Luis, Juan Martín de Pueyrredón, San Luis, Argentina";"-33.32964976276154";"-66.39694690704347";"2025-05-19 14:41:23";"2025-05-19 14:41:23"
778;"201, Miguel B. Pastor, Güemes, Municipio de Villa Mercedes, General Pedernera, San Luis, D5730, Argentina";"-33.69082586902837";"-65.46326458454134";"2025-05-19 14:41:33";"2025-05-19 14:41:33"
779;"Autopista de las Serranías Puntanas, Municipio de San Luis, Juan Martín de Pueyrredón, San Luis, Argentina";"-33.329793189695806";"-66.39733314514162";"2025-05-19 14:42:43";"2025-05-19 14:42:43"
780;"1650, Intendente Landaburu, Independencia, Villa Mercedes, Municipio de Villa Mercedes, General Pedernera, San Luis, 5730, Argentina";"-33.66801919946594";"-65.43717741966249";"2025-05-19 14:44:30";"2025-05-19 14:44:30"
781;"1850, Lamadrid, La Familia Obrera Limitada, Villa Rafaela, Villa Mercedes, Municipio de Villa Mercedes, General Pedernera, San Luis, 5730, Argentina";"-33.65745974796082";"-65.46818375587465";"2025-05-19 14:45:48";"2025-05-19 14:45:48"
782;"1850, Lamadrid, La Familia Obrera Limitada, Villa Rafaela, Villa Mercedes, Municipio de Villa Mercedes, General Pedernera, San Luis, 5730, Argentina";"-33.65745974796082";"-65.46818375587465";"2025-05-19 14:45:49";"2025-05-19 14:45:49"
783;"Avenida del Centenario, Tilisarao, Municipio de Tilisarao, Chacabuco, San Luis, Argentina";"-32.74028809194337";"-65.27956008911134";"2025-05-19 14:45:58";"2025-05-19 14:45:58"
784;"650, Ardiles, 9 de Julio, Almirante Brown, Villa Mercedes, Municipio de Villa Mercedes, General Pedernera, San Luis, 5730, Argentina";"-33.68288060314225";"-65.45638203620912";"2025-05-19 14:47:22";"2025-05-19 14:47:22"
785;"Avenida del Centenario, Tilisarao, Municipio de Tilisarao, Chacabuco, San Luis, Argentina";"-32.74036028674109";"-65.27939915657045";"2025-05-19 14:48:07";"2025-05-19 14:48:07"
786;"151, Necochea, COOPEMER, Almirante Brown, Villa Mercedes, Municipio de Villa Mercedes, General Pedernera, San Luis, D5730, Argentina";"-33.67905054412319";"-65.46088814735414";"2025-05-19 14:48:48";"2025-05-19 14:48:48"
787;"1698, Brasil, Rafael Origone, Villa Mercedes, Municipio de Villa Mercedes, General Pedernera, San Luis, 5730, Argentina";"-33.66410811189147";"-65.45079231262208";"2025-05-19 14:49:54";"2025-05-19 14:49:54"
788;"RP19, Vista del Sol, Municipio de San Luis, Juan Martín de Pueyrredón, San Luis, 5700, Argentina";"-33.2463864844403";"-66.28952980041505";"2025-05-19 14:51:17";"2025-05-19 14:51:17"
789;"1798, Bolivia, Rafael Origone, Villa Mercedes, Municipio de Villa Mercedes, General Pedernera, San Luis, 5730, Argentina";"-33.66256773749932";"-65.44918298721315";"2025-05-19 14:51:44";"2025-05-19 14:51:44"
790;"Juan Llerena, Sarmiento, San Martín, Municipio de Villa Mercedes, General Pedernera, San Luis, D5730, Argentina";"-33.676322973837";"-65.46914935112001";"2025-05-19 14:52:53";"2025-05-19 14:52:53"
791;"1100, Avenida Pringles, Santa Rita de Casia, Hipólito Yrigoyen, Villa Mercedes, Municipio de Villa Mercedes, General Pedernera, San Luis, 5730, Argentina";"-33.6940305492982";"-65.44374883174898";"2025-05-19 14:54:04";"2025-05-19 14:54:04"
792;"350, Doctor Tallaferro, Santa Rita de Casia, Hipólito Yrigoyen, Municipio de Villa Mercedes, General Pedernera, San Luis, 5730, Argentina";"-33.689665370377064";"-65.44703722000123";"2025-05-19 14:55:14";"2025-05-19 14:55:14"
793;"900, Santiago Betbeder, ATE, Las Mirandas, Villa Mercedes, Municipio de Villa Mercedes, General Pedernera, San Luis, 5730, Argentina";"-33.67665778663211";"-65.48517823219301";"2025-05-19 14:57:12";"2025-05-19 14:57:12"
794;"Avenida Las Chacras, Villa Antonio, Las Chacras, Municipio de Juana Koslay, Juan Martín de Pueyrredón, San Luis, 5700, Argentina";"-33.2532144789679";"-66.23810648918153";"2025-05-19 14:58:16";"2025-05-19 14:58:16"
795;"Pasaje 3 de Febrero, Altos del Oeste, Municipio de Villa Mercedes, General Pedernera, San Luis, D5730, Argentina";"-33.66662176507658";"-65.4788374900818";"2025-05-19 14:58:44";"2025-05-19 14:58:44"
796;"Avenida Las Chacras, Villa Antonio, Las Chacras, Municipio de Juana Koslay, Juan Martín de Pueyrredón, San Luis, 5700, Argentina";"-33.25320550692043";"-66.23807430267335";"2025-05-19 14:59:12";"2025-05-19 14:59:12"
797;"-50, Comisario Pirker, ATE II, Municipio de Villa Mercedes, General Pedernera, San Luis, 5730, Argentina";"-33.70060021651882";"-65.44016003608705";"2025-05-19 15:01:01";"2025-05-19 15:01:01"
798;"Avenida Jorge Newbery, Docentes Universitarios, Municipio de Villa Mercedes, General Pedernera, San Luis, 5730, Argentina";"-33.69980581335078";"-65.42942047119142";"2025-05-19 15:02:42";"2025-05-19 15:02:42"
799;"Canalejas (San Luis), Gobernador Dupuy, San Luis, Argentina";"-35.16791477203553";"-66.49269104003908";"2025-05-19 15:03:25";"2025-05-19 15:03:25"
800;"Canalejas (San Luis), Gobernador Dupuy, San Luis, Argentina";"-35.169318036011305";"-66.49131774902345";"2025-05-19 15:04:53";"2025-05-19 15:04:53"
801;"32, Calle Angosta, Villa Celestina, Belgrano, Municipio de Villa Mercedes, General Pedernera, San Luis, D5730, Argentina";"-33.66037991197392";"-65.4580342769623";"2025-05-19 15:06:13";"2025-05-19 15:06:13"
802;"0, Calle Angosta, Villa Celestina, Belgrano, Municipio de Villa Mercedes, General Pedernera, San Luis, 5730, Argentina";"-33.66057637204976";"-65.45861363410951";"2025-05-19 15:07:15";"2025-05-19 15:07:15"
803;"Calle Angosta, Villa Celestina, Municipio de Villa Mercedes, General Pedernera, San Luis, 5730, Argentina";"-33.66010308110567";"-65.4570096731186";"2025-05-19 15:09:26";"2025-05-19 15:09:26"
804;"Miguel Rosso, Belgrano, Municipio de Villa Mercedes, General Pedernera, San Luis, D5730, Argentina";"-33.64858702093474";"-65.46093106269838";"2025-05-19 15:11:58";"2025-05-19 15:11:58"
805;"Autopista por la Paz del Mundo, Lafinur, Municipio de Villa Mercedes, General Pedernera, San Luis, D5730, Argentina";"-33.70256387822145";"-65.47699213027956";"2025-05-19 15:13:08";"2025-05-19 15:13:08"
806;"2300, Avenida Mitre, Villa Celestina, Remedios de Escalada, Villa Mercedes, Municipio de Villa Mercedes, General Pedernera, San Luis, 5730, Argentina";"-33.65164591539895";"-65.4549551010132";"2025-05-19 15:14:05";"2025-05-19 15:14:05"
807;"950, Calle 12 Este (Aldo Raúl Ávila), 1004 Viviendas, Municipio de Villa Mercedes, General Pedernera, San Luis, 5730, Argentina";"-33.68347875546272";"-65.42538642883302";"2025-05-19 15:15:15";"2025-05-19 15:15:15"
808;"1000, Amaro Galán, Complejo 2.392 Viviendas, Justo Daract, Municipio de Villa Mercedes, General Pedernera, San Luis, 5730, Argentina";"-33.680769181453684";"-65.43517112731935";"2025-05-19 15:16:20";"2025-05-19 15:16:20"
809;"José Ángel Pes, 365 Viviendas, Municipio de Villa Mercedes, General Pedernera, San Luis, D5730, Argentina";"-33.70115361663191";"-65.43447375297548";"2025-05-19 15:17:30";"2025-05-19 15:17:30"
810;"400, Balcarce, San Martín, Centro, Municipio de Villa Mercedes, General Pedernera, San Luis, 5730, Argentina";"-33.68527318745222";"-65.4672396183014";"2025-05-19 15:18:21";"2025-05-19 15:18:21"
811;"Amodey, Complejo La Ribera, La Ribera 2.294 Viviendas, Municipio de Villa Mercedes, General Pedernera, San Luis, D5730, Argentina";"-33.68440722246224";"-65.5009549856186";"2025-05-19 15:20:10";"2025-05-19 15:20:10"
812;"Quinta Policial, Teniente Pereyra, Eva Perón 2, Carlos Pellegrini, Municipio de Villa Mercedes, General Pedernera, San Luis, 5730, Argentina";"-33.66001378063558";"-65.43064355850221";"2025-05-19 15:20:59";"2025-05-19 15:20:59"
813;"375, María Eva Duarte de Perón, Familia Unida, Almafuerte, Villa Mercedes, Municipio de Villa Mercedes, General Pedernera, San Luis, 5730, Argentina";"-33.65144496946372";"-65.46517431735994";"2025-05-19 15:22:24";"2025-05-19 15:22:24"
814;"Avenida 25 de Mayo, Belgrano, Municipio de Villa Mercedes, General Pedernera, San Luis, D5730, Argentina";"-33.64564412789976";"-65.45993328094484";"2025-05-19 15:23:53";"2025-05-19 15:23:53"
815;"Autopista de las Serranías Puntanas, Carlos Pellegrini, Municipio de Villa Mercedes, General Pedernera, San Luis, 5730, Argentina";"-33.6487701111072";"-65.44106662273408";"2025-05-19 15:25:36";"2025-05-19 15:25:36"
816;"250, Guayaquil, Pringles, Municipio de Villa Mercedes, General Pedernera, San Luis, D5730, Argentina";"-33.690259012029514";"-65.45287907123567";"2025-05-19 15:27:30";"2025-05-19 15:27:30"
817;"1150, Teniente Pereyra, Eva Perón 2, Carlos Pellegrini, Villa Mercedes, Municipio de Villa Mercedes, General Pedernera, San Luis, 5730, Argentina";"-33.65914309619512";"-65.43174862861635";"2025-05-19 15:28:29";"2025-05-19 15:28:29"
818;"850, Gobernador André, 70 Viviendas, Almafuerte, Villa Mercedes, Municipio de Villa Mercedes, General Pedernera, San Luis, 5730, Argentina";"-33.652029944103475";"-65.47549545764925";"2025-05-19 15:30:26";"2025-05-19 15:30:26"
819;"900, Maipú, Justo Daract, Villa Mercedes, Municipio de Villa Mercedes, General Pedernera, San Luis, 5730, Argentina";"-33.67894340715206";"-65.44382929801942";"2025-05-19 15:32:01";"2025-05-19 15:32:01"
820;"1000, Pedernera, San Martín, Municipio de Villa Mercedes, General Pedernera, San Luis, 5730, Argentina";"-33.674800675223565";"-65.46300172805788";"2025-05-19 15:33:17";"2025-05-19 15:33:17"
821;"Juan Carlos Allende, Complejo La Ribera, La Ribera 2.294 Viviendas, Municipio de Villa Mercedes, General Pedernera, San Luis, D5730, Argentina";"-33.686701564249276";"-65.50073504447938";"2025-05-19 15:34:12";"2025-05-19 15:34:12"
822;"950, León Guillet, Santa Rita de Casia, Hipólito Yrigoyen, Villa Mercedes, Municipio de Villa Mercedes, General Pedernera, San Luis, 5730, Argentina";"-33.69251302757675";"-65.44671535491945";"2025-05-19 15:35:14";"2025-05-19 15:35:14"
823;"Héroes de Malvinas, Sol Naciente, Municipio de Villa Mercedes, General Pedernera, San Luis, 5730, Argentina";"-33.70518797424185";"-65.42954921722414";"2025-05-19 15:42:16";"2025-05-19 15:42:16"
824;"Avenida Rodolfo Enrique Pérez, La Ribera 478 Viviendas, Municipio de Villa Mercedes, General Pedernera, San Luis, D5730, Argentina";"-33.69920777465873";"-65.5039429664612";"2025-05-19 15:44:44";"2025-05-19 15:44:44"
825;"350, Buenos Aires, Pringles, Villa Mercedes, Municipio de Villa Mercedes, General Pedernera, San Luis, 5730, Argentina";"-33.687522870159626";"-65.46116709709169";"2025-05-19 15:46:27";"2025-05-19 15:46:27"
826;"800, León Benarós, 1004 Viviendas, Municipio de Villa Mercedes, General Pedernera, San Luis, 5730, Argentina";"-33.686317690317395";"-65.42768239974977";"2025-05-19 15:47:43";"2025-05-19 15:47:43"
827;"250, San Cayetano, San Antonio, Municipio de Villa Mercedes, General Pedernera, San Luis, D5730, Argentina";"-33.685157130794856";"-65.48098325729372";"2025-05-19 15:48:33";"2025-05-19 15:48:33"
828;"550, Baigorria, ATE, Las Mirandas, Municipio de Villa Mercedes, General Pedernera, San Luis, 5730, Argentina";"-33.68097005889923";"-65.47403097152711";"2025-05-19 15:49:32";"2025-05-19 15:49:32"
829;"Avenida Los Álamos, Villa Celestina, Municipio de Villa Mercedes, General Pedernera, San Luis, 5730, Argentina";"-33.65248541778749";"-65.45108735561372";"2025-05-19 15:52:01";"2025-05-19 15:52:01"
830;"850, Pellegrini, Eva Perón 1, Carlos Pellegrini, Villa Mercedes, Municipio de Villa Mercedes, General Pedernera, San Luis, 5730, Argentina";"-33.660817481529726";"-65.43956995010377";"2025-05-19 15:52:48";"2025-05-19 15:52:48"
831;"Aníbal Torres, La Ribera 520 Viviendas, Viviendas Productivas, Municipio de Villa Mercedes, General Pedernera, San Luis, D5730, Argentina";"-33.698886438716826";"-65.49928128719331";"2025-05-19 15:53:56";"2025-05-19 15:53:56"
832;"1250, San Luis, 200 Viviendas, Justo Daract, Villa Mercedes, Municipio de Villa Mercedes, General Pedernera, San Luis, 5730, Argentina";"-33.67643457824689";"-65.433846116066";"2025-05-19 15:54:51";"2025-05-19 15:54:51"
833;"350, Amaro Galán, Hipólito Yrigoyen, Villa Mercedes, Municipio de Villa Mercedes, General Pedernera, San Luis, 5730, Argentina";"-33.69156233119844";"-65.43855071067811";"2025-05-19 15:55:56";"2025-05-19 15:55:56"
834;"200, Santiago del Estero, Belgrano, Villa Mercedes, Municipio de Villa Mercedes, General Pedernera, San Luis, 5730, Argentina";"-33.662210545295274";"-65.46378493309022";"2025-05-19 15:57:59";"2025-05-19 15:57:59"
835;"1800, Guayaquil, Viva San Luis, El Criollo, Villa Mercedes, Municipio de Villa Mercedes, General Pedernera, San Luis, 5730, Argentina";"-33.66257666728542";"-65.44465541839601";"2025-05-19 15:59:32";"2025-05-19 15:59:32"
836;"José Oscar Robustelli, Complejo La Ribera, La Ribera 2.294 Viviendas, Municipio de Villa Mercedes, General Pedernera, San Luis, D5730, Argentina";"-33.683751047304696";"-65.50438821315767";"2025-05-19 16:00:55";"2025-05-19 16:00:55"
837;"2250, Pueyrredón, Belgrano, Villa Mercedes, Municipio de Villa Mercedes, General Pedernera, San Luis, 5730, Argentina";"-33.650609922440594";"-65.46030879020692";"2025-05-19 16:03:15";"2025-05-19 16:03:15"
838;"Camino Interfábrica, Altos de Chacabuco, Quintas de Betbeder, Municipio de Villa Mercedes, General Pedernera, San Luis, D5730, Argentina";"-33.66756827263912";"-65.50216197967531";"2025-05-19 16:04:25";"2025-05-19 16:04:25"
839;"550, 1º de Mayo, San José, Villa Mercedes, Municipio de Villa Mercedes, General Pedernera, San Luis, 5730, Argentina";"-33.69420015300212";"-65.45634984970094";"2025-05-19 16:05:33";"2025-05-19 16:05:33"
840;"1400, General Guido, 200 Viviendas, El Criollo, Villa Mercedes, Municipio de Villa Mercedes, General Pedernera, San Luis, 5730, Argentina";"-33.672180115660396";"-65.44028878211977";"2025-05-19 16:06:40";"2025-05-19 16:06:40"
841;"Avenida Presidente Perón, Eva Perón 1, Carlos Pellegrini, Municipio de Villa Mercedes, General Pedernera, San Luis, 5730, Argentina";"-33.65399471531633";"-65.4443657398224";"2025-05-19 16:07:42";"2025-05-19 16:07:42"
842;"250, Asia, Campaña al Desierto, Villa Rafaela, Villa Mercedes, Municipio de Villa Mercedes, General Pedernera, San Luis, 5730, Argentina";"-33.655745110069745";"-65.46306610107423";"2025-05-19 16:08:41";"2025-05-19 16:08:41"
843;"Calle 12c bis, Unión, Municipio de Villa Mercedes, General Pedernera, San Luis, D5730, Argentina";"-33.68255027843519";"-65.50914645195009";"2025-05-19 16:09:51";"2025-05-20 11:15:32"
844;"Ricardo René Haidar, Complejo La Ribera, La Ribera 2.294 Viviendas, Municipio de Villa Mercedes, General Pedernera, San Luis, D5730, Argentina";"-33.70004681284089";"-65.50865828990938";"2025-05-19 16:11:16";"2025-05-19 16:11:16"
845;"1350, Vicente Sallorenzo, Altos del Oeste, Villa Mercedes, Municipio de Villa Mercedes, General Pedernera, San Luis, 5730, Argentina";"-33.66339820364151";"-65.48073649406435";"2025-05-19 16:12:22";"2025-05-19 16:12:22"
846;"José Ángel Pes, 365 Viviendas, Municipio de Villa Mercedes, General Pedernera, San Luis, D5730, Argentina";"-33.70486666066878";"-65.43590605258943";"2025-05-19 16:13:12";"2025-05-19 16:13:12"
847;"Avenida Leandro N. Alem, Eva Perón 1, Carlos Pellegrini, Municipio de Villa Mercedes, General Pedernera, San Luis, 5730, Argentina";"-33.65616484229484";"-65.44239163398744";"2025-05-19 16:14:12";"2025-05-19 16:14:12"
848;"1499, Avenida Mitre, Norte, Villa Mercedes, Municipio de Villa Mercedes, General Pedernera, San Luis, 5730, Argentina";"-33.666063677906536";"-65.45925199985506";"2025-05-19 16:14:56";"2025-05-19 16:14:56"
849;"Camino Interfábrica, Quintas de Betbeder, Municipio de Villa Mercedes, General Pedernera, San Luis, D5730, Argentina";"-33.67355067380836";"-65.5007028579712";"2025-05-19 16:16:36";"2025-05-19 16:16:36"
850;"700, Güemes, ATE, Las Mirandas, Villa Mercedes, Municipio de Villa Mercedes, General Pedernera, San Luis, 5730, Argentina";"-33.67691670763307";"-65.47965288162233";"2025-05-19 16:17:31";"2025-05-19 16:17:31"
851;"1600, Chile, Viva San Luis, El Criollo, Villa Mercedes, Municipio de Villa Mercedes, General Pedernera, San Luis, 5730, Argentina";"-33.66726914165773";"-65.44491291046144";"2025-05-19 16:18:37";"2025-05-19 16:18:37"
852;"-50, Bolivia sur, San José, Municipio de Villa Mercedes, General Pedernera, San Luis, 5730, Argentina";"-33.694633087254815";"-65.45871555805208";"2025-05-19 16:19:32";"2025-05-19 16:19:32"
853;"1750, Nelson, Viva San Luis, El Criollo, Villa Mercedes, Municipio de Villa Mercedes, General Pedernera, San Luis, 5730, Argentina";"-33.66530913829579";"-65.44091105461122";"2025-05-19 16:20:35";"2025-05-19 16:20:35"
854;"850, Avenida Pringles, Santa Rita de Casia, Hipólito Yrigoyen, Villa Mercedes, Municipio de Villa Mercedes, General Pedernera, San Luis, 5730, Argentina";"-33.69312003948114";"-65.44808328151704";"2025-05-19 16:21:19";"2025-05-19 16:21:19"
855;"949, Pasaje José Hernández, La Rioja, San Martín, Villa Mercedes, Municipio de Villa Mercedes, General Pedernera, San Luis, 5730, Argentina";"-33.674881031835824";"-65.46696066856386";"2025-05-19 16:22:30";"2025-05-19 16:22:30"
856;"1200, Avenida Presidente Perón, Almirante Brown, Villa Mercedes, Municipio de Villa Mercedes, General Pedernera, San Luis, 5730, Argentina";"-33.67374710380545";"-65.4502558708191";"2025-05-19 16:23:57";"2025-05-19 16:23:57"
857;"Vicente Dupuy, Independencia, El Criollo, Municipio de Villa Mercedes, General Pedernera, San Luis, D5730, Argentina";"-33.67022022420433";"-65.43192565441133";"2025-05-19 16:25:00";"2025-05-19 16:25:00"
858;"1550, Montevideo, La Familia Obrera Limitada, Villa Rafaela, Villa Mercedes, Municipio de Villa Mercedes, General Pedernera, San Luis, 5730, Argentina";"-33.662612386420555";"-65.47084450721742";"2025-05-19 16:26:12";"2025-05-19 16:26:12"
859;"1050, 1º de Mayo, COVIMER 2, Tres Esquinas, Villa Mercedes, Municipio de Villa Mercedes, General Pedernera, San Luis, 5730, Argentina";"-33.69651208589822";"-65.44565856456758";"2025-05-19 16:27:33";"2025-05-19 16:27:33"
860;"950, José Luis Borges, Pablo Díaz, Villa Mercedes, Municipio de Villa Mercedes, General Pedernera, San Luis, 5730, Argentina";"-33.66913088025794";"-65.48944830894472";"2025-05-19 16:28:51";"2025-05-19 16:28:51"
861;"800, Necochea, COOPEMER, Almirante Brown, Villa Mercedes, Municipio de Villa Mercedes, General Pedernera, San Luis, 5730, Argentina";"-33.68020672210921";"-65.45557737350465";"2025-05-19 16:29:50";"2025-05-19 16:29:50"
862;"1400, Rufino Barreiro, 200 Viviendas, El Criollo, Villa Mercedes, Municipio de Villa Mercedes, General Pedernera, San Luis, 5730, Argentina";"-33.67281852168461";"-65.4375207424164";"2025-05-19 16:30:50";"2025-05-19 16:30:50"
863;"Potosí, Centro, Municipio de Villa Mercedes, General Pedernera, San Luis, D5730, Argentina";"-33.687853175758626";"-65.47258257865907";"2025-05-19 16:31:46";"2025-05-19 16:31:46"
864;"1100, Aldo Raúl Ávila, 1004 Viviendas, Villa Mercedes, Municipio de Villa Mercedes, General Pedernera, San Luis, 5730, Argentina";"-33.680380817061426";"-65.42436718940736";"2025-05-19 16:33:37";"2025-05-19 16:33:37"
865;"1050, Federico García Lorca, Pablo Díaz, Villa Mercedes, Municipio de Villa Mercedes, General Pedernera, San Luis, 5730, Argentina";"-33.668711211285704";"-65.48712015151979";"2025-05-19 16:35:12";"2025-05-19 16:35:12"
866;"Ruta Costanera Sur, Complejo La Ribera, Lafinur, Municipio de Villa Mercedes, General Pedernera, San Luis, D5730, Argentina";"-33.69376275329464";"-65.48868656158449";"2025-05-19 16:36:32";"2025-05-19 16:36:32"
867;"2250, Montevideo, Familia Unida, Almafuerte, Villa Mercedes, Municipio de Villa Mercedes, General Pedernera, San Luis, 5730, Argentina";"-33.64918541176217";"-65.46690165996553";"2025-05-19 16:38:18";"2025-05-19 16:38:18"
868;"800, Vicente Sallorenzo, ATE, Las Mirandas, Municipio de Villa Mercedes, General Pedernera, San Luis, 5730, Argentina";"-33.67316674115491";"-65.48370838165285";"2025-05-19 16:39:44";"2025-05-19 16:39:44"
869;"998, Europa, Almirante Brown, Municipio de Villa Mercedes, General Pedernera, San Luis, 5730, Argentina";"-33.6771220582174";"-65.45239090919496";"2025-05-19 16:40:45";"2025-05-19 16:40:45"
870;"50, Láinez, San Martín, Municipio de Villa Mercedes, General Pedernera, San Luis, 5730, Argentina";"-33.673662281816284";"-65.46380639076234";"2025-05-19 16:41:40";"2025-05-19 16:41:40"
871;"700, Italia, 9 de Julio, Almirante Brown, Municipio de Villa Mercedes, General Pedernera, San Luis, 5730, Argentina";"-33.6815369771585";"-65.45823812484743";"2025-05-19 16:42:29";"2025-05-19 16:42:29"
872;"Chacabuco, San Martín, Municipio de Villa Mercedes, General Pedernera, San Luis, D5730, Argentina";"-33.67361763863051";"-65.46836078166963";"2025-05-19 16:43:29";"2025-05-19 16:43:29"
873;"Calle 3B, Unión, Municipio de Villa Mercedes, General Pedernera, San Luis, D5730, Argentina";"-33.68069329429655";"-65.5072045326233";"2025-05-19 16:44:25";"2025-05-20 11:14:07"
874;"Calle 16c, Unión, Municipio de Villa Mercedes, General Pedernera, San Luis, D5730, Argentina";"-33.684282237104114";"-65.50819158554079";"2025-05-19 16:46:13";"2025-05-20 11:16:16"
875;"Calle 14c, Unión, Municipio de Villa Mercedes, General Pedernera, San Luis, D5730, Argentina";"-33.68346982784675";"-65.50648570060731";"2025-05-19 16:46:57";"2025-05-19 16:46:57"
876;"Ruta Nacional 79, El Hormiguero, Ayacucho, San Luis, Argentina";"-31.89759899853875";"-65.82518577575685";"2025-05-20 11:13:57";"2025-05-20 11:13:57"
877;"Ruta Nacional 79, El Hormiguero, Ayacucho, San Luis, Argentina";"-31.897671868234955";"-65.82527160644533";"2025-05-20 11:16:13";"2025-05-20 11:16:13"
878;"Ruta Nacional 188, Municipio de Rancul, Comisión Municipal de Nueva Galia, Gobernador Dupuy, San Luis, Argentina";"-35.09498191276132";"-65.11751174926759";"2025-05-20 11:19:42";"2025-05-20 11:19:42"
879;"Ruta Nacional 188, Municipio de Rancul, Comisión Municipal de Nueva Galia, Departamento Rancul, La Pampa, Argentina";"-35.09519259251625";"-65.11716842651369";"2025-05-20 11:22:28";"2025-05-20 11:22:28"
880;"Avenida Eva Perón, San Cayetano, San Luis, Municipio de San Luis, Juan Martín de Pueyrredón, San Luis, 5702, Argentina";"-33.291853023265475";"-66.31652355194093";"2025-05-20 11:25:16";"2025-05-20 11:25:16"
881;"Avenida Eva Perón, Parque de las Naciones, Pueyrredón, San Luis, Municipio de San Luis, Juan Martín de Pueyrredón, San Luis, 5702, Argentina";"-33.291767826486414";"-66.31645381450654";"2025-05-20 11:26:32";"2025-05-20 11:26:32"
882;"Ruta Provincial 1, Campo El Justino, Cortaderas, Comisión Municipal de Cortaderas, Chacabuco, San Luis, 5883, Argentina";"-32.487492770625074";"-64.99868988990785";"2025-05-20 11:31:47";"2025-05-20 11:31:47"
883;"Municipio de Desaguadero, Juan Martín de Pueyrredón, San Luis, Argentina";"-33.40550753708183";"-67.14998245239259";"2025-05-20 11:48:53";"2025-05-20 11:48:53"
884;"Ruta Nacional 7, Municipio de Desaguadero, Juan Martín de Pueyrredón, San Luis, Argentina";"-33.404862675465";"-67.15023994445802";"2025-05-20 11:49:51";"2025-05-20 11:49:51"
885;"Avenida del Fundador, Edén, Terrazas del Portezuelo, San Luis, Municipio de San Luis, Juan Martín de Pueyrredón, San Luis, 5702, Argentina";"-33.294153304853985";"-66.29592418670656";"2025-05-20 11:51:18";"2025-05-20 11:51:18"
886;"Ruta Nacional 146, El Milagro, Juan Martín de Pueyrredón, San Luis, Argentina";"-33.10376521056698";"-66.36308670043947";"2025-05-20 11:54:29";"2025-05-20 11:54:29"
887;"Avenida Parque Gobernador José Santos Ortiz, Felix Bogado, Cuatro Avenidas, San Luis, Municipio de San Luis, Juan Martín de Pueyrredón, San Luis, 5702, Argentina";"-33.3096483580678";"-66.32671594619752";"2025-05-20 11:56:49";"2025-05-20 11:56:49"
888;"Avenida Parque Gobernador José Santos Ortiz, Felix Bogado, Cuatro Avenidas, San Luis, Municipio de San Luis, Juan Martín de Pueyrredón, San Luis, 5702, Argentina";"-33.30930763997365";"-66.32614731788637";"2025-05-20 11:58:12";"2025-05-20 11:58:12"
889;"Boulevard Las Cañadas, Pozo del Carril, Municipio de La Punta, Juan Martín de Pueyrredón, San Luis, 5710, Argentina";"-33.19932073121763";"-66.35274410247804";"2025-05-20 12:00:59";"2025-05-20 12:00:59"
890;"Boulevard Las Cañadas, Pozo del Carril, Municipio de La Punta, Juan Martín de Pueyrredón, San Luis, 5710, Argentina";"-33.19926686574035";"-66.35269045829774";"2025-05-20 12:02:10";"2025-05-20 12:02:10"
891;"Avenida Justo Daract, Funes, Juan Gilberto Funes, San Luis, Municipio de San Luis, Juan Martín de Pueyrredón, San Luis, D5700HHW, Argentina";"-33.264976040890105";"-66.33961200714113";"2025-05-20 12:04:38";"2025-05-20 12:04:38"
892;"Avenida Justo Daract, Funes, Juan Gilberto Funes, San Luis, Municipio de San Luis, Juan Martín de Pueyrredón, San Luis, D5700HHW, Argentina";"-33.26434807989072";"-66.33963346481325";"2025-05-20 12:06:35";"2025-05-20 12:06:35"
893;"Avenida Teniente Juan D. Perón, Las Chacras, Municipio de Juana Koslay, Juan Martín de Pueyrredón, San Luis, 5700, Argentina";"-33.26681055823374";"-66.23174428939821";"2025-05-20 12:10:02";"2025-05-20 12:10:02"
894;"Avenida del Viento Chorrillero, Barrio Juan Francisco Oyola, San Roque, Juana Koslay, Municipio de Juana Koslay, Juan Martín de Pueyrredón, San Luis, 5700, Argentina";"-33.296484912405575";"-66.27398371696474";"2025-05-20 12:11:35";"2025-05-20 12:11:35"
895;"Autopista de las Serranías Puntanas, Coronel Pringles, San Luis, Argentina";"-33.35601842004672";"-66.07881546020509";"2025-05-20 12:14:16";"2025-05-20 12:14:16"
896;"Autopista de las Serranías Puntanas, Coronel Pringles, San Luis, Argentina";"-33.36365326339805";"-66.05195045471193";"2025-05-20 12:15:54";"2025-05-20 12:15:54"
897;"Ruta Nacional 146, Juan Martín de Pueyrredón, San Luis, Argentina";"-34.08682219775297";"-66.70881271362306";"2025-05-20 12:20:19";"2025-05-20 12:20:19"
898;"Ruta Nacional 146, Juan Martín de Pueyrredón, San Luis, Argentina";"-34.08682219775297";"-66.70937061309816";"2025-05-20 12:24:18";"2025-05-20 12:24:18"
899;"Ruta Provincial 30, La Punilla, Comisión Municipal de La Punilla, Pedanía Achiras, General Pedernera, San Luis, Argentina";"-33.14549260492517";"-65.0833296775818";"2025-05-20 12:35:33";"2025-05-20 12:35:33"
900;"Ruta Nacional 20, Encón, 25 de Mayo, San Juan, Argentina";"-32.33926991766285";"-67.2664761543274";"2025-05-20 12:53:13";"2025-05-20 12:53:13"
901;"Belgrano, San Luis, Argentina";"-32.339940706246345";"-67.26585388183595";"2025-05-20 13:10:15";"2025-05-20 13:10:15"
902;"Avenida Lafinur Sur, Navarro, Serranias Puntanas, San Luis, Municipio de San Luis, Juan Martín de Pueyrredón, San Luis, D5700, Argentina";"-33.32023685405774";"-66.34170413017274";"2025-05-20 13:13:13";"2025-05-20 13:13:13"
903;"Avenida La Serrana, Área Comercial La Punta, La Punta, Municipio de La Punta, Juan Martín de Pueyrredón, San Luis, D5710, Argentina";"-33.18702058724737";"-66.31124496459962";"2025-05-20 13:38:11";"2025-05-20 13:38:11"
904;"Ruta Nacional 7 Libertador General San Martín, Municipio de Justo Daract, Pedanía Tres de Febrero, Departamento Río Cuarto, Córdoba, X5800, Argentina";"-33.86820630007749";"-65.1204299926758";"2025-05-20 15:10:29";"2025-05-20 15:10:29"
905;"Ruta Nacional 7 Libertador General San Martín, Municipio de Justo Daract, Pedanía Tres de Febrero, Departamento Río Cuarto, Córdoba, X5800, Argentina";"-33.868135032968624";"-65.11974334716798";"2025-05-20 15:23:20";"2025-05-20 15:23:20"
906;"Autopista de las Serranías Puntanas, El Chorrillo, Municipio de Juana Koslay, Juan Martín de Pueyrredón, San Luis, Argentina";"-33.30779232495387";"-66.24858856201173";"2025-05-20 15:44:57";"2025-05-20 15:44:57"
907;"2400, Avenida 25 de Mayo, Familia Unida, Almafuerte, Villa Mercedes, Municipio de Villa Mercedes, General Pedernera, San Luis, 5730, Argentina";"-33.64890407927934";"-65.46112418174745";"2025-05-20 15:58:46";"2025-05-20 15:58:46"
908;"2400, Avenida 25 de Mayo, Belgrano, Villa Mercedes, Municipio de Villa Mercedes, General Pedernera, San Luis, 5730, Argentina";"-33.648823698401074";"-65.46093106269838";"2025-05-20 16:00:12";"2025-05-20 16:00:12"
909;"Lafinur, Municipio de Villa Mercedes, General Pedernera, San Luis, D5730, Argentina";"-33.703032472675766";"-65.47708332538606";"2025-05-20 16:01:21";"2025-05-20 16:01:21"
910;"Autopista por la Paz del Mundo, Lafinur, Municipio de Villa Mercedes, General Pedernera, San Luis, D5730, Argentina";"-33.70272900227321";"-65.47713696956636";"2025-05-20 16:02:34";"2025-05-20 16:02:34"
911;"Avenida Leandro N. Alem, Eva Perón 1, Carlos Pellegrini, Municipio de Villa Mercedes, General Pedernera, San Luis, 5730, Argentina";"-33.657575841999744";"-65.44467687606813";"2025-05-20 16:04:58";"2025-05-20 16:04:58"
912;"Ruta Nacional 20, Luján, Municipio de Luján, Ayacucho, San Luis, Argentina";"-32.35978110848855";"-65.93810677528383";"2025-05-21 19:47:19";"2025-05-21 19:47:19"
913;"Autopista 25 de Mayo, Aguadita del Portezuelo, Villa Aguadita del Portezuelo, San Luis, Municipio de San Luis, Municipio de La Punta, Juan Martín de Pueyrredón, San Luis, D5710, Argentina";"-33.24579428106301";"-66.2902593612671";"2025-05-21 19:49:02";"2025-05-21 19:49:02"
914;"Camino del Cerro, Cerro de Oro, Municipio de Merlo, Junín, San Luis, 5881, Argentina";"-32.36988544212625";"-64.99142646789552";"2025-05-21 19:51:12";"2025-05-21 19:51:12"
915;"Camino del Cerro, Cerro de Oro, Municipio de Merlo, Junín, San Luis, 5881, Argentina";"-32.369341739919065";"-64.99155521392824";"2025-05-21 19:52:28";"2025-05-21 19:52:28"
916;"Ruta Provincial 5, Municipio de Merlo, Junín, San Luis, Argentina";"-32.34871488814213";"-65.0722360610962";"2025-05-21 19:53:54";"2025-05-21 19:53:54"
917;"Ruta Provincial 5, Municipio de Merlo, Junín, San Luis, Argentina";"-32.34869676054436";"-65.07213950157167";"2025-05-21 19:55:27";"2025-05-21 19:55:27"
918;"Autopista de los Comechingones, Naschel, Municipio de Naschel, Chacabuco, San Luis, Argentina";"-32.916359256689944";"-65.3627246618271";"2025-05-21 19:58:35";"2025-05-21 19:58:35"
919;"Autopista El Saladillo, Coronel Pringles, San Luis, Argentina";"-33.116849834921005";"-65.6862258911133";"2025-05-21 20:01:40";"2025-05-21 20:01:40"
920;"Autopista El Saladillo, Coronel Pringles, San Luis, Argentina";"-33.107342107735455";"-65.68036794662477";"2025-05-21 20:03:03";"2025-05-21 20:03:03"
921;"Ruta Nacional 7 Libertador General San Martín, Municipio de Justo Daract, Pedanía Tres de Febrero, Departamento Río Cuarto, Córdoba, X5800, Argentina";"-33.868990234348175";"-65.1204299926758";"2025-05-21 20:05:28";"2025-05-21 20:05:28"
922;"Ruta Nacional 7 Libertador General San Martín, Municipio de Justo Daract, Pedanía Tres de Febrero, General Pedernera, San Luis, X5800, Argentina";"-33.86799249857242";"-65.12051582336427";"2025-05-21 20:07:34";"2025-05-21 20:07:34"
923;"Ruta Nacional 20, Municipio de Los Cajones, Pedanía Dolores, Junín, San Luis, X5870, Argentina";"-32.03529243741029";"-65.32882690429689";"2025-05-21 20:11:21";"2025-05-21 20:11:21"
924;"Ruta Provincial 55, Municipio de Santa Rosa del Conlara, Junín, San Luis, Argentina";"-32.32231725860266";"-65.17321586608888";"2025-05-21 20:19:39";"2025-05-21 20:19:39"
925;"Ruta Provincial 55, Municipio de Santa Rosa del Conlara, Junín, San Luis, Argentina";"-32.32177327045489";"-65.17317295074464";"2025-05-21 20:22:03";"2025-05-21 20:22:03"
926;"Policía Caminera, kilometro694,5, Ruta Nacional 8, Juan Jorba, Municipio de Juan Jorba, Pedanía Tres de Febrero, General Pedernera, San Luis, Argentina";"-33.59832074904057";"-65.12866973876955";"2025-05-21 20:25:24";"2025-05-21 20:25:24"
927;"Comisión Municipal de Potrero de los Funes, Juan Martín de Pueyrredón, San Luis, 5700, Argentina";"-33.23429038321995";"-66.23135805130006";"2025-05-21 20:31:07";"2025-05-21 20:31:07"
928;"Autopista Los Puquios, Barrio Juan Francisco Oyola, San Roque, Municipio de Juana Koslay, Juan Martín de Pueyrredón, San Luis, 5700, Argentina";"-33.27733698239544";"-66.22508168220521";"2025-05-21 20:34:02";"2025-05-21 20:34:02"
929;"Colectora, Nueva Galia, Comisión Municipal de Nueva Galia, Gobernador Dupuy, San Luis, D6216, Argentina";"-35.118065663637196";"-65.25248050689699";"2025-05-21 20:38:46";"2025-05-21 20:38:46"
930;"Autopista 25 de Mayo, Villa de la Quebrada, Comisión Municipal de Villa de la Quebrada, Belgrano, San Luis, Argentina";"-33.015001706413535";"-66.29307568073274";"2025-05-21 20:43:34";"2025-05-21 20:43:34"
931;"Ruta Provincial 3, Mugica, Serranias Puntanas, San Luis, Municipio de San Luis, Juan Martín de Pueyrredón, San Luis, 5702, Argentina";"-33.33191319152936";"-66.32137835025789";"2025-05-21 20:46:00";"2025-05-21 20:46:00"
932;"Ruta Provincial 3, Mugica, Serranias Puntanas, San Luis, Municipio de San Luis, Juan Martín de Pueyrredón, San Luis, 5702, Argentina";"-33.331639790384884";"-66.32169485092165";"2025-05-21 20:47:45";"2025-05-21 20:47:45"
933;"Ruta Provincial 3, Mercado, Cuatro Avenidas, San Luis, Municipio de San Luis, Juan Martín de Pueyrredón, San Luis, 5702, Argentina";"-33.313530657066";"-66.32929086685182";"2025-05-21 20:49:53";"2025-05-21 20:49:53"
934;"Ruta Provincial 9, Trapiche, El trapiche, Comisión Municipal de El Trapiche, Coronel Pringles, San Luis, Argentina";"-33.12739879273742";"-66.06182098388673";"2025-05-21 20:52:27";"2025-05-21 20:52:27"
935;"Ruta Provincial 9, El trapiche, Comisión Municipal de El Trapiche, Coronel Pringles, San Luis, Argentina";"-33.127919917940545";"-66.06173515319826";"2025-05-21 20:54:05";"2025-05-21 20:54:05"
936;"Ruta Nacional 147, Municipio de San Luis, Juan Martín de Pueyrredón, San Luis, Argentina";"-33.24583017229101";"-66.37531757354738";"2025-05-21 20:57:07";"2025-05-21 20:57:07"
937;"Autopista El Saladillo, Saladillo, Comisión Municipal de Saladillo, Coronel Pringles, San Luis, Argentina";"-33.20465324943476";"-65.86183547973634";"2025-05-21 21:02:20";"2025-05-21 21:02:20"
938;"Autopista El Saladillo, Saladillo, Comisión Municipal de Saladillo, Coronel Pringles, San Luis, Argentina";"-33.20472506564528";"-65.86473226547243";"2025-05-21 21:04:06";"2025-05-21 21:04:06"
939;"Avenida Parque Gobernador José Santos Ortiz, San Luis, Municipio de San Luis, Municipio de Juana Koslay, Juan Martín de Pueyrredón, San Luis, 5702, Argentina";"-33.296727037310454";"-66.28654718399049";"2025-05-21 21:10:37";"2025-05-21 21:10:37"
940;"Autopista 25 de Mayo, Loteo Sierras Marianas, Comisión Municipal de Villa de la Quebrada, Belgrano, San Luis, Argentina";"-33.10775550857437";"-66.29038810729982";"2025-05-21 21:25:19";"2025-05-21 21:25:19"
941;"Hilario Ascasubi, Jardín del Sur, Cuatro Avenidas, San Luis, Municipio de San Luis, Juan Martín de Pueyrredón, San Luis, 5702, Argentina";"-33.30781922426664";"-66.32213473320009";"2025-05-21 21:26:40";"2025-05-21 21:26:40"
942;"Ruta Nacional 146, Comisión Municipal de Villa de la Quebrada, Belgrano, San Luis, Argentina";"-33.01730026400317";"-66.36703491210939";"2025-05-21 21:28:49";"2025-05-21 21:28:49"
943;"Casa Falucho, 116, Falucho, Cuatro Avenidas, San Luis, Municipio de San Luis, Juan Martín de Pueyrredón, San Luis, 5700, Argentina";"-33.31528794573282";"-66.34172022342683";"2025-05-22 11:02:22";"2025-05-22 11:02:22"
944;"Rastreador Rufino Natel, Parque de las Naciones, San Luis, Municipio de San Luis, Juan Martín de Pueyrredón, San Luis, D5700HHW, Argentina";"-33.294180208373405";"-66.30979657173158";"2025-05-22 11:17:33";"2025-05-22 11:17:33"
945;"25 de Mayo, CGT, Vialidad Provincial, San Luis, Municipio de San Luis, Juan Martín de Pueyrredón, San Luis, D5700, Argentina";"-33.31222163330374";"-66.36237859725954";"2025-05-22 11:40:31";"2025-05-22 11:40:31"
946;"Avenida Juan Gilberto Funes, Mercado, Matías Mercado, San Luis, Municipio de San Luis, Juan Martín de Pueyrredón, San Luis, 5702, Argentina";"-33.30705707385832";"-66.32425904273988";"2025-05-22 11:48:39";"2025-05-22 11:48:39"
947;"Avenida Sarmiento, Pueblo Nuevo, San Luis, Municipio de San Luis, Juan Martín de Pueyrredón, San Luis, D5700HHW, Argentina";"-33.285463033989785";"-66.32416248321535";"2025-05-22 11:54:51";"2025-05-22 11:54:51"
948;"Fernández Prado, Vidal, Ignacio Vidal, San Luis, Municipio de San Luis, Juan Martín de Pueyrredón, San Luis, D5700HHW, Argentina";"-33.27922057164022";"-66.30844473838808";"2025-05-22 12:01:08";"2025-05-22 12:01:08"
949;"Avenida Eva Perón, San Cayetano, Pedro Payer, San Luis, Municipio de San Luis, Juan Martín de Pueyrredón, San Luis, 5702, Argentina";"-33.29579440435618";"-66.30750060081483";"2025-05-22 12:09:49";"2025-05-22 12:09:49"
950;"Avenida Los Eucaliptos, Las Chacras, Juana Koslay, Municipio de Juana Koslay, Juan Martín de Pueyrredón, San Luis, 5700, Argentina";"-33.27590183950172";"-66.23116493225099";"2025-05-22 12:21:04";"2025-05-22 12:21:04"
951;"Avenida Sarmiento, Pueblo Nuevo, San Luis, Municipio de San Luis, Juan Martín de Pueyrredón, San Luis, D5700HHW, Argentina";"-33.28388452246695";"-66.3243341445923";"2025-05-22 12:26:51";"2025-05-22 12:26:51"
952;"Avenida del Fundador, Parque de las Naciones, San Luis, Municipio de San Luis, Juan Martín de Pueyrredón, San Luis, 5702, Argentina";"-33.29418917621137";"-66.30980730056764";"2025-05-22 12:36:44";"2025-05-22 12:36:44"
953;"Avenida del Fundador, Edén, Terrazas del Portezuelo, San Luis, Municipio de San Luis, Juan Martín de Pueyrredón, San Luis, 5702, Argentina";"-33.29446717873098";"-66.30037128925325";"2025-05-22 12:45:22";"2025-05-22 12:45:22"
954;"Avenida del Fundador, Parque de las Naciones, San Luis, Municipio de San Luis, Juan Martín de Pueyrredón, San Luis, 5702, Argentina";"-33.294184692292504";"-66.30979657173158";"2025-05-22 12:50:59";"2025-05-22 12:50:59"
955;"San Juan, Nacional, San Luis, Municipio de San Luis, Juan Martín de Pueyrredón, San Luis, D5700HHW, Argentina";"-33.284673781797096";"-66.32705926895143";"2025-05-22 12:55:19";"2025-05-22 12:55:19"
956;"Miguel Cané, Frente Americano, San Luis, Municipio de San Luis, Juan Martín de Pueyrredón, San Luis, 5702, Argentina";"-33.31301063628069";"-66.32034301757814";"2025-05-22 13:04:46";"2025-05-22 13:04:46"
957;"Easy, 9 de Julio, El Faro, Cuatro Avenidas, San Luis, Municipio de San Luis, Juan Martín de Pueyrredón, San Luis, 5702, Argentina";"-33.305205468940564";"-66.3236689567566";"2025-05-22 13:34:09";"2025-05-22 13:34:09"
958;"1334, Rivadavia, Cuatro Avenidas, San Luis, Municipio de San Luis, Juan Martín de Pueyrredón, San Luis, D5702JRP, Argentina";"-33.29435956495751";"-66.33826017379762";"2025-05-22 13:39:54";"2025-05-22 13:39:54"
959;"1405, 9 de Julio, Cuatro Avenidas, San Luis, Municipio de San Luis, Juan Martín de Pueyrredón, San Luis, D5700, Argentina";"-33.307814741048425";"-66.3424336910248";"2025-05-22 13:46:58";"2025-05-22 13:46:58"
960;"800, Belgrano, Cuatro Avenidas, San Luis, Municipio de San Luis, Juan Martín de Pueyrredón, San Luis, D5702JRP, Argentina";"-33.303658698617184";"-66.33407592773439";"2025-05-22 13:53:47";"2025-05-22 13:53:47"
961;"38, Juan Wenceslao Gez, Cuatro Avenidas, San Luis, Municipio de San Luis, Juan Martín de Pueyrredón, San Luis, D5702FJX, Argentina";"-33.296960193991104";"-66.3232183456421";"2025-05-22 13:59:59";"2025-05-22 13:59:59"
962;"1277, Lavalle, Cuatro Avenidas, San Luis, Municipio de San Luis, Juan Martín de Pueyrredón, San Luis, D5702JRP, Argentina";"-33.29952487634866";"-66.34264826774599";"2025-05-22 14:07:10";"2025-05-22 14:07:10"
963;"1273, Lavalle, Cuatro Avenidas, San Luis, Municipio de San Luis, Juan Martín de Pueyrredón, San Luis, D5702JRP, Argentina";"-33.299497974477504";"-66.34259462356569";"2025-05-22 14:12:37";"2025-05-22 14:12:37"
964;"Autopista 25 de Mayo, Aguadita del Portezuelo, Villa Aguadita del Portezuelo, San Luis, Municipio de San Luis, Municipio de La Punta, Juan Martín de Pueyrredón, San Luis, D5710, Argentina";"-33.20740017751482";"-66.29448652267457";"2025-05-22 14:20:23";"2025-05-22 14:20:23"
965;"Cañada Honda, Centro, Juana Koslay, Municipio de Juana Koslay, Juan Martín de Pueyrredón, San Luis, Argentina";"-33.28976792030319";"-66.26408100128175";"2025-05-22 14:26:35";"2025-05-22 14:26:35"
966;"Los Horneros, Las Chacras, Juana Koslay, Municipio de Juana Koslay, Juan Martín de Pueyrredón, San Luis, 5700, Argentina";"-33.267290486729735";"-66.23358964920045";"2025-05-22 14:33:46";"2025-05-22 14:33:46"
967;"791, Pedernera, Cuatro Avenidas, San Luis, Municipio de San Luis, Juan Martín de Pueyrredón, San Luis, D5702JRP, Argentina";"-33.29997323964645";"-66.33480548858644";"2025-05-22 14:39:41";"2025-05-22 14:39:41"
968;"Avenida Lafinur Sur, La Merced, San Luis, Municipio de San Luis, Juan Martín de Pueyrredón, San Luis, D5700, Argentina";"-33.31693761306088";"-66.34300231933595";"2025-05-24 06:14:36";"2025-05-24 06:14:36"
969;"1337, Rivadavia, Cuatro Avenidas, San Luis, Municipio de San Luis, Juan Martín de Pueyrredón, San Luis, D5702JRP, Argentina";"-33.294305758021";"-66.33836746215822";"2025-05-24 06:18:54";"2025-05-24 06:18:54"
970;"955, Balcarce, Cuatro Avenidas, San Luis, Municipio de San Luis, Juan Martín de Pueyrredón, San Luis, D5700, Argentina";"-33.30922694338793";"-66.33510589599611";"2025-05-24 06:23:46";"2025-05-24 06:23:46"
971;"Los Molles, Potrero de los Funes, Comisión Municipal de Potrero de los Funes, Juan Martín de Pueyrredón, San Luis, 5700, Argentina";"-33.212804013173816";"-66.22801065444948";"2025-05-24 06:31:06";"2025-05-24 06:31:06"
972;"3, San Martín, Cuatro Avenidas, San Luis, Municipio de San Luis, Juan Martín de Pueyrredón, San Luis, D5700, Argentina";"-33.311656774514";"-66.33517026901247";"2025-05-24 06:36:29";"2025-05-24 06:36:29"
973;"Las voces del Chorrillero, Cerros del Sol, Terrazas del Portezuelo, San Luis, Municipio de San Luis, Juan Martín de Pueyrredón, San Luis, 5702, Argentina";"-33.296081369404064";"-66.29480838775636";"2025-05-24 06:42:26";"2025-05-24 06:42:26"
974;"José Hernández, Di Pasquo, Monseñor Di Pasquo, San Luis, Municipio de San Luis, Juan Martín de Pueyrredón, San Luis, D5700HHW, Argentina";"-33.27634135451911";"-66.34003043174745";"2025-05-24 06:48:37";"2025-05-24 06:48:37"
975;"Hilario Ascasubi, Garro, Frente Americano, San Luis, Municipio de San Luis, Juan Martín de Pueyrredón, San Luis, 5702, Argentina";"-33.31333340816776";"-66.31972074508668";"2025-05-24 06:56:28";"2025-05-24 06:56:28"
976;"Chacho Peñaloza, Payer, Pedro Payer, San Luis, Municipio de San Luis, Juan Martín de Pueyrredón, San Luis, 5702, Argentina";"-33.297462375494405";"-66.30530118942262";"2025-05-24 07:02:14";"2025-05-24 07:02:14"
977;"Ruta Nacional 147, Cerro de la Cruz, San Luis, Municipio de San Luis, Juan Martín de Pueyrredón, San Luis, D5700HHW, Argentina";"-33.27639517253245";"-66.30896508693696";"2025-05-24 07:10:40";"2025-05-24 07:10:40"
978;"Lamadrid, Pueblo Nuevo, San Luis, Municipio de San Luis, Juan Martín de Pueyrredón, San Luis, D5700HHW, Argentina";"-33.282628867913786";"-66.32859349250795";"2025-05-24 07:17:19";"2025-05-24 07:17:19"
979;"809, Avenida España, ATE, Cuatro Avenidas, San Luis, Municipio de San Luis, Juan Martín de Pueyrredón, San Luis, D5702JRP, Argentina";"-33.29305025341478";"-66.33662939071657";"2025-05-24 07:25:59";"2025-05-24 07:25:59"
980;"Autopista 25 de Mayo, Aguadita del Portezuelo, Villa Aguadita del Portezuelo, San Luis, Municipio de San Luis, Municipio de La Punta, Juan Martín de Pueyrredón, San Luis, D5710, Argentina";"-33.24694279304873";"-66.29038810729982";"2025-05-24 07:41:22";"2025-05-24 07:41:22"
981;"Ruta Provincial 9, Las Chacras, Juana Koslay, Municipio de Juana Koslay, Juan Martín de Pueyrredón, San Luis, 5700, Argentina";"-33.26337921692096";"-66.22970581054689";"2025-05-24 07:54:02";"2025-05-24 07:54:02"
982;"Ruta Provincial 9, Las Chacras, Juana Koslay, Municipio de Juana Koslay, Juan Martín de Pueyrredón, San Luis, 5700, Argentina";"-33.25387392193556";"-66.22705042362215";"2025-05-24 07:57:01";"2025-05-24 07:57:01"
983;"Avenida Eva Perón, Pueblo Nuevo, San Luis, Municipio de San Luis, Juan Martín de Pueyrredón, San Luis, D5700HHW, Argentina";"-33.289427124544034";"-66.32349729537965";"2025-05-24 07:58:28";"2025-05-24 07:58:28"
984;"Las voces del Chorrillero, Cerros del Sol, Terrazas del Portezuelo, San Luis, Municipio de San Luis, Juan Martín de Pueyrredón, San Luis, 5702, Argentina";"-33.296148626700614";"-66.29485666751863";"2025-05-24 08:03:53";"2025-05-24 08:03:53"
985;"342, Rivadavia, Cuatro Avenidas, San Luis, Municipio de San Luis, Juan Martín de Pueyrredón, San Luis, D5700, Argentina";"-33.30743814989515";"-66.33477866649629";"2025-05-24 08:08:59";"2025-05-24 08:08:59"
986;"774, Falucho, Cuatro Avenidas, Antártida Argentina, San Luis, Municipio de San Luis, Juan Martín de Pueyrredón, San Luis, D5700, Argentina";"-33.303282089515974";"-66.34496569633485";"2025-05-24 08:15:24";"2025-05-24 08:15:24"
987;"1006, Belgrano, Cuatro Avenidas, San Luis, Municipio de San Luis, Juan Martín de Pueyrredón, San Luis, D5702JRP, Argentina";"-33.304277410038594";"-66.33716583251955";"2025-05-24 08:20:46";"2025-05-24 08:20:46"
988;"Doctor Carlos Pellegrini, Pueyrredón, Policial, San Luis, Municipio de San Luis, Juan Martín de Pueyrredón, San Luis, D5702FJX, Argentina";"-33.291767826486414";"-66.32315933704378";"2025-05-24 08:24:53";"2025-05-24 08:24:53"
989;"Granadero Prudencio Olguín, Lucas Rodríguez, San Luis, Municipio de San Luis, Juan Martín de Pueyrredón, San Luis, 5702, Argentina";"-33.31127123387362";"-66.31263971328737";"2025-05-24 08:28:54";"2025-05-24 08:28:54"
990;"Avenida Italia, Zabala Ortiz, San Luis, Municipio de San Luis, Juan Martín de Pueyrredón, San Luis, D5702JRP, Argentina";"-33.28549890891986";"-66.34303450584413";"2025-05-24 08:35:03";"2025-05-24 08:35:03"
991;"1297, Avenida Presidente Juan D. Perón, Cuatro Avenidas, San Luis, Municipio de San Luis, Juan Martín de Pueyrredón, San Luis, D5702FJX, Argentina";"-33.292373170217516";"-66.32894217967988";"2025-05-25 03:47:38";"2025-05-25 03:47:38"
992;"CGT, San Martín, San Luis, Municipio de San Luis, Juan Martín de Pueyrredón, San Luis, D5700, Argentina";"-33.30818684737619";"-66.36214256286623";"2025-05-25 03:50:57";"2025-05-25 03:50:57"
993;"Eusebio Acosta, Felix Bogado, Félix Bogado, San Luis, Municipio de San Luis, Juan Martín de Pueyrredón, San Luis, 5702, Argentina";"-33.32254086949673";"-66.31132006645204";"2025-05-25 03:57:38";"2025-05-25 03:57:38"
994;"Avenida Juan Gilberto Funes, Mercado, Matías Mercado, San Luis, Municipio de San Luis, Juan Martín de Pueyrredón, San Luis, 5702, Argentina";"-33.30725882020291";"-66.32430195808412";"2025-05-25 04:01:29";"2025-05-25 04:01:29"
995;"Los Puntanitos, Cerro de la Cruz, San Luis, Municipio de San Luis, Juan Martín de Pueyrredón, San Luis, D5700HHW, Argentina";"-33.27604535485273";"-66.30877733230592";"2025-05-25 04:07:18";"2025-05-25 04:07:18"
996;"Gastronómico, Barrancas Coloradas, San Luis, Municipio de San Luis, Juan Martín de Pueyrredón, San Luis, D5700HHW, Argentina";"-33.264680002695776";"-66.33143663406373";"2025-05-25 04:12:19";"2025-05-25 04:12:19"
997;"Avenida Juan Gilberto Funes, Mercado, Matías Mercado, San Luis, Municipio de San Luis, Juan Martín de Pueyrredón, San Luis, 5702, Argentina";"-33.30729020292567";"-66.32401227951051";"2025-05-25 04:17:11";"2025-05-25 04:17:11"
998;"Monseñor Cafferata, Jardín, San Luis, Municipio de San Luis, Juan Martín de Pueyrredón, San Luis, D5700HHW, Argentina";"-33.274071998096815";"-66.33145809173585";"2025-05-25 04:23:11";"2025-05-25 04:23:11"
999;"Chacho Peñaloza, Payer, Pedro Payer, San Luis, Municipio de San Luis, Juan Martín de Pueyrredón, San Luis, 5702, Argentina";"-33.29753411547317";"-66.30512416362764";"2025-05-25 04:32:38";"2025-05-25 04:32:38"
1000;"Los Pejes, Centro, Juana Koslay, Municipio de Juana Koslay, Juan Martín de Pueyrredón, San Luis, 5700, Argentina";"-33.28582178262694";"-66.26504659652711";"2025-05-25 04:39:19";"2025-05-25 04:39:19"
1001;"907, Pringles, Cuatro Avenidas, La Merced, San Luis, Municipio de San Luis, Juan Martín de Pueyrredón, San Luis, D5702JRP, Argentina";"-33.302591635273245";"-66.3362216949463";"2025-05-25 04:44:43";"2025-05-25 04:44:43"
1002;"Avenida de la Fuerza Aérea, Jardín Aeropuerto, San Luis, Municipio de San Luis, Juan Martín de Pueyrredón, San Luis, D5700HHW, Argentina";"-33.28178577543464";"-66.34403228759767";"2025-05-25 04:51:01";"2025-05-25 04:51:01"
1003;"1153, Junín, Cuatro Avenidas, San Luis, Municipio de San Luis, Juan Martín de Pueyrredón, San Luis, D5702JRP, Argentina";"-33.3020536151911";"-66.34004116058351";"2025-05-25 05:08:07";"2025-05-25 05:08:07"
1004;"Falucho, Cuatro Avenidas, San Luis, Municipio de San Luis, Juan Martín de Pueyrredón, San Luis, D5700, Argentina";"-33.31424792202483";"-66.34240150451662";"2025-05-25 05:13:32";"2025-05-25 05:13:32"
1005;"1213, Hipólito Yrigoyen, Cuatro Avenidas, San Luis, Municipio de San Luis, Juan Martín de Pueyrredón, San Luis, D5702FJX, Argentina";"-33.29536395501445";"-66.33180141448976";"2025-05-25 05:19:37";"2025-05-25 05:19:37"
1006;"Brasil, La Merced, Antártida Argentina, San Luis, Municipio de San Luis, Juan Martín de Pueyrredón, San Luis, D5700, Argentina";"-33.301345217021144";"-66.35094165802003";"2025-05-25 05:30:22";"2025-05-25 05:30:22"
1007;"985, Avenida 25 de Mayo, San Martín, Municipio de Villa Mercedes, General Pedernera, San Luis, 5730, Argentina";"-33.673925676140726";"-65.46838760375978";"2025-05-25 05:37:21";"2025-05-25 05:37:21"
1008;"Brasil, La Merced, Antártida Argentina, San Luis, Municipio de San Luis, Juan Martín de Pueyrredón, San Luis, D5700, Argentina";"-33.30132728281557";"-66.3509523868561";"2025-05-25 05:46:54";"2025-05-25 05:46:54"
1009;"La Punta, Municipio de La Punta, Juan Martín de Pueyrredón, San Luis, 5710, Argentina";"-33.166079435504706";"-66.31553649902345";"2025-05-25 06:06:17";"2025-05-25 06:06:17"
1010;"650, Avenida Presidente Juan D. Perón, Cuatro Avenidas, San Luis, Municipio de San Luis, Juan Martín de Pueyrredón, San Luis, 5702, Argentina";"-33.30173080154873";"-66.32712364196779";"2025-05-25 06:22:44";"2025-05-25 06:22:44"
1011;"1112, Falucho, Cuatro Avenidas, Antártida Argentina, San Luis, Municipio de San Luis, Juan Martín de Pueyrredón, San Luis, D5702JRP, Argentina";"-33.29810803317932";"-66.3464140892029";"2025-05-25 06:26:35";"2025-05-25 06:26:35"
1012;"1347, Colón, Cuatro Avenidas, San Luis, Municipio de San Luis, Juan Martín de Pueyrredón, San Luis, D5702JRP, Argentina";"-33.29394704426282";"-66.3362216949463";"2025-05-25 06:29:40";"2025-05-25 06:29:40"
1013;"Autopista 25 de Mayo, Aguadita del Portezuelo, Villa Aguadita del Portezuelo, San Luis, Municipio de San Luis, Municipio de La Punta, Juan Martín de Pueyrredón, San Luis, D5710, Argentina";"-33.2516802454585";"-66.29184722900392";"2025-05-25 06:33:48";"2025-05-25 06:33:48"
1014;"1506, Avenida Juan Gilberto Funes, Cuatro Avenidas, San Luis, Municipio de San Luis, Juan Martín de Pueyrredón, San Luis, D5700, Argentina";"-33.313978948356834";"-66.34259462356569";"2025-05-25 06:39:44";"2025-05-25 06:39:44"
1015;"Avenida Juan Gilberto Funes, Mercado, Matías Mercado, San Luis, Municipio de San Luis, Juan Martín de Pueyrredón, San Luis, 5702, Argentina";"-33.307182604972034";"-66.32409811019899";"2025-05-25 06:43:35";"2025-05-25 06:43:35"
1016;"Ruta Provincial 3, Mugica, Serranias Puntanas, San Luis, Municipio de San Luis, Juan Martín de Pueyrredón, San Luis, 5702, Argentina";"-33.327587974489774";"-66.32317543029787";"2025-05-25 06:50:03";"2025-05-25 06:50:03"
1017;"1010, Pringles, Cuatro Avenidas, La Merced, San Luis, Municipio de San Luis, Juan Martín de Pueyrredón, San Luis, D5702JRP, Argentina";"-33.30277097456309";"-66.3376808166504";"2025-05-25 06:56:02";"2025-05-25 06:56:02"
1018;"Yapeyú, Gastronómico, San Luis, Municipio de San Luis, Juan Martín de Pueyrredón, San Luis, D5700HHW, Argentina";"-33.27785721586826";"-66.31962418556215";"2025-05-25 07:01:51";"2025-05-25 07:01:51"
1019;"293, Avenida Presidente Juan D. Perón, Cuatro Avenidas, San Luis, Municipio de San Luis, Juan Martín de Pueyrredón, San Luis, 5702, Argentina";"-33.306375616087784";"-66.32506370544435";"2025-05-25 07:08:17";"2025-05-25 07:08:17"
1020;"952, Avenida Lafinur, Municipal, San Luis, Municipio de San Luis, Juan Martín de Pueyrredón, San Luis, D5700, Argentina";"-33.30060094439143";"-66.34725093841554";"2025-05-25 07:13:25";"2025-05-25 07:13:25"
1021;"700, Colón, Cuatro Avenidas, San Luis, Municipio de San Luis, Juan Martín de Pueyrredón, San Luis, D5702JRP, Argentina";"-33.30235849364514";"-66.334365606308";"2025-05-25 07:19:05";"2025-05-25 07:19:05"
1022;"604, Avenida Lafinur, Cuatro Avenidas, Antártida Argentina, San Luis, Municipio de San Luis, Juan Martín de Pueyrredón, San Luis, D5700, Argentina";"-33.30589141917259";"-66.34570598602296";"2025-05-25 07:23:09";"2025-05-25 07:23:09"
1023;"643, Rivadavia, Cuatro Avenidas, San Luis, Municipio de San Luis, Juan Martín de Pueyrredón, San Luis, D5702JRP, Argentina";"-33.30338072539015";"-66.3358783721924";"2025-05-25 07:29:49";"2025-05-25 07:29:49"
1024;"1202, 25 de Mayo, Cuatro Avenidas, San Luis, Municipio de San Luis, Juan Martín de Pueyrredón, San Luis, D5700, Argentina";"-33.30854550257481";"-66.33886098861696";"2025-05-25 07:35:35";"2025-05-25 07:35:35"
1025;"300, Mitre, Cuatro Avenidas, San Luis, Municipio de San Luis, Juan Martín de Pueyrredón, San Luis, D5702JRP, Argentina";"-33.308617233437495";"-66.33875370025636";"2025-05-25 07:39:19";"2025-05-25 07:39:19"
1026;"1399, Pringles, Cuatro Avenidas, La Merced, San Luis, Municipio de San Luis, Juan Martín de Pueyrredón, San Luis, D5702JRP, Argentina";"-33.3038290688668";"-66.3431739807129";"2025-05-25 07:44:44";"2025-05-25 07:44:44"
1027;"El Zapallar, Eva Perón, San Luis, Municipio de San Luis, Juan Martín de Pueyrredón, San Luis, D5700HHW, Argentina";"-33.26324465176963";"-66.31601929664613";"2025-05-25 07:50:58";"2025-05-25 07:50:58"
1028;"371, Ayacucho, Cuatro Avenidas, La Merced, San Luis, Municipio de San Luis, Juan Martín de Pueyrredón, San Luis, D5700, Argentina";"-33.304124974298794";"-66.32844328880311";"2025-05-25 07:54:53";"2025-05-25 07:54:53"
1029;"Las Chacras, Juana Koslay, Municipio de Juana Koslay, Juan Martín de Pueyrredón, San Luis, 5700, Argentina";"-33.265855178704264";"-66.23169064521791";"2025-05-25 08:01:57";"2025-05-25 08:01:57"
1030;"983, Hipólito Yrigoyen, Cuatro Avenidas, San Luis, Municipio de San Luis, Juan Martín de Pueyrredón, San Luis, D5702FJX, Argentina";"-33.298825425002065";"-66.33130788803102";"2025-05-25 08:06:41";"2025-05-25 08:06:41"
1031;"411, Falucho, Cuatro Avenidas, Antártida Argentina, San Luis, Municipio de San Luis, Juan Martín de Pueyrredón, San Luis, D5700, Argentina";"-33.30784612357112";"-66.343731880188";"2025-05-25 08:10:26";"2025-05-25 08:10:26"
1032;"Riobamba, El Fray, Eusebio Castaño, San Luis, Municipio de San Luis, Juan Martín de Pueyrredón, San Luis, D5700HHW, Argentina";"-33.27837744624086";"-66.3169312477112";"2025-05-25 08:14:33";"2025-05-25 08:14:33"
1033;"Concarán, Centro, Juana Koslay, Municipio de Juana Koslay, Juan Martín de Pueyrredón, San Luis, 5700, Argentina";"-33.27975873253095";"-66.24251604080202";"2025-05-25 08:20:21";"2025-05-25 08:20:21"
1034;"Mercado, Matías Mercado, San Luis, Municipio de San Luis, Juan Martín de Pueyrredón, San Luis, 5702, Argentina";"-33.30241229561464";"-66.31862640380861";"2025-05-25 08:25:56";"2025-05-25 08:25:56"
1035;"German Lallerman, Telepostal, San Luis, Municipio de San Luis, Juan Martín de Pueyrredón, San Luis, D5700HHW, Argentina";"-33.29249423845974";"-66.32213473320009";"2025-05-25 16:28:14";"2025-05-25 16:28:14"
1036;"Escribano Jorge Bertín, Centro, Juana Koslay, Municipio de Juana Koslay, Juan Martín de Pueyrredón, San Luis, 5700, Argentina";"-33.28395627361009";"-66.25350236892702";"2025-05-25 16:37:01";"2025-05-25 16:37:01"
1037;"693, Rivadavia, Cuatro Avenidas, San Luis, Municipio de San Luis, Juan Martín de Pueyrredón, San Luis, D5702JRP, Argentina";"-33.30271717281486";"-66.33601784706117";"2025-05-25 18:13:17";"2025-05-25 18:13:17"
1038;"Autopista 25 de Mayo, Aguadita del Portezuelo, Villa Aguadita del Portezuelo, San Luis, Municipio de San Luis, Municipio de La Punta, Juan Martín de Pueyrredón, San Luis, D5710, Argentina";"-33.245560987721795";"-66.29008769989015";"2025-05-25 18:35:58";"2025-05-25 18:35:58"
1039;"América, Centro, Juana Koslay, Municipio de Juana Koslay, Juan Martín de Pueyrredón, San Luis, Argentina";"-33.29240455829644";"-66.27448797225954";"2025-05-25 18:37:31";"2025-05-25 18:37:31"
1040;"1400, San Martín, Cuatro Avenidas, San Luis, Municipio de San Luis, Juan Martín de Pueyrredón, San Luis, D5702JRP, Argentina";"-33.29338655106303";"-66.34011626243593";"2025-05-25 18:54:00";"2025-05-25 18:54:00"
1041;"Hilario Ascasubi, Jardín del Sur, Cuatro Avenidas, San Luis, Municipio de San Luis, Juan Martín de Pueyrredón, San Luis, 5702, Argentina";"-33.30811511615945";"-66.32205963134767";"2025-05-25 19:06:58";"2025-05-25 19:06:58"
1042;"Don Bosco, Zabala Ortiz, San Luis, Municipio de San Luis, Juan Martín de Pueyrredón, San Luis, D5700HHW, Argentina";"-33.28772312578343";"-66.33261680603029";"2025-05-25 19:20:54";"2025-05-25 19:20:54"
1043;"Jorge Horacio “Cholo” Torres, Progreso y Sueños, San Luis, Municipio de San Luis, Juan Martín de Pueyrredón, San Luis, D5700HHW, Argentina";"-33.265774441927086";"-66.34867787361146";"2025-05-25 19:33:22";"2025-05-25 19:33:22"
1044;"Esteban Adaro Este, Pueblo Nuevo, ATE 3, San Luis, Municipio de San Luis, Juan Martín de Pueyrredón, San Luis, D5700HHW, Argentina";"-33.28433296614375";"-66.31763935089113";"2025-05-25 20:16:14";"2025-05-25 20:16:14"
1045;"Eusebio Acosta, Felix Bogado, Félix Bogado, San Luis, Municipio de San Luis, Juan Martín de Pueyrredón, San Luis, 5702, Argentina";"-33.32328495485588";"-66.31517171859743";"2025-05-25 20:30:37";"2025-05-25 20:30:37"
1046;"802, Avenida España, ATE, Cuatro Avenidas, San Luis, Municipio de San Luis, Juan Martín de Pueyrredón, San Luis, D5702JRP, Argentina";"-33.292996445670774";"-66.33644700050355";"2025-05-25 20:48:49";"2025-05-25 20:48:49"
1047;"Granadero Prudencio Olguín, Felix Bogado, Félix Bogado, San Luis, Municipio de San Luis, Juan Martín de Pueyrredón, San Luis, 5702, Argentina";"-33.31875759025014";"-66.31096601486207";"2025-05-25 21:14:36";"2025-05-25 21:14:36"
1048;"José Zabala, Lescano, Manuel Lescano, San Luis, Municipio de San Luis, Juan Martín de Pueyrredón, San Luis, 5702, Argentina";"-33.3094511003861";"-66.31782174110414";"2025-05-25 21:19:44";"2025-05-25 21:19:44"
1049;"6, Juan Wenceslao Gez, Cuatro Avenidas, San Luis, Municipio de San Luis, Juan Martín de Pueyrredón, San Luis, D5702FJX, Argentina";"-33.2968167130306";"-66.32267117500307";"2025-05-26 03:30:02";"2025-05-26 03:30:02"
1050;"20, Juan Wenceslao Gez, Cuatro Avenidas, San Luis, Municipio de San Luis, Juan Martín de Pueyrredón, San Luis, D5702FJX, Argentina";"-33.296888453540355";"-66.32291793823244";"2025-05-26 03:36:27";"2025-05-26 03:36:27"
1051;"Naranjo en Flor, Merlo, Municipio de Merlo, Junín, San Luis, 5881, Argentina";"-32.356763182678094";"-65.01159667968751";"2025-05-26 03:43:41";"2025-05-26 03:43:41"
1052;"Naranjo en Flor, Merlo, Municipio de Merlo, Junín, San Luis, 5881, Argentina";"-32.356763182678094";"-65.01159667968751";"2025-05-26 03:43:42";"2025-05-26 03:43:42"
1053;"Maldonado, Lescano, Manuel Lescano, San Luis, Municipio de San Luis, Juan Martín de Pueyrredón, San Luis, 5702, Argentina";"-33.312463714521904";"-66.31624460220338";"2025-05-26 03:51:07";"2025-05-26 03:51:07"
1054;"864, Pringles, Cuatro Avenidas, La Merced, San Luis, Municipio de San Luis, Juan Martín de Pueyrredón, San Luis, D5702JRP, Argentina";"-33.30241229561464";"-66.33544921875001";"2025-05-26 03:56:00";"2025-05-26 03:56:00"
1055;"51, Lavalle, Zabala Ortiz, Cuatro Avenidas, San Luis, Municipio de San Luis, Juan Martín de Pueyrredón, San Luis, D5702FJX, Argentina";"-33.29802284250846";"-66.32365286350252";"2025-05-26 04:00:47";"2025-05-26 04:00:47"
1056;"983, Avenida Juan Gilberto Funes, La Merced, Cuatro Avenidas, San Luis, Municipio de San Luis, Juan Martín de Pueyrredón, San Luis, D5700, Argentina";"-33.31173746885088";"-66.33480548858644";"2025-05-26 04:09:33";"2025-05-26 04:09:33"
1057;"Autopista de las Serranías Puntanas, San Luis, Municipio de San Luis, Municipio de Juana Koslay, Juan Martín de Pueyrredón, San Luis, 5702, Argentina";"-33.30477954941466";"-66.28377914428712";"2025-05-26 04:13:38";"2025-05-26 04:13:38"
1058;"Camino a Pescadores, Primero de Mayo, San Luis, Municipio de San Luis, Juan Martín de Pueyrredón, San Luis, Argentina";"-33.31130709819115";"-66.3948440551758";"2025-05-26 04:20:03";"2025-05-26 04:20:03"
1059;"Avenida de la Fuerza Aérea, AMEP, San Luis, Municipio de San Luis, Juan Martín de Pueyrredón, San Luis, D5700HHW, Argentina";"-33.26741607505967";"-66.34386062622072";"2025-05-26 04:26:32";"2025-05-26 04:26:32"
1060;"San Juan, Francia, Cuatro Avenidas, San Luis, Municipio de San Luis, Juan Martín de Pueyrredón, San Luis, D5702FJX, Argentina";"-33.29810803317932";"-66.32510662078859";"2025-05-26 04:33:34";"2025-05-26 04:33:34"
1061;"1398, Avenida Lafinur, Cuatro Avenidas, Antártida Argentina, San Luis, Municipio de San Luis, Juan Martín de Pueyrredón, San Luis, D5702JRP, Argentina";"-33.29428782236811";"-66.34825944900514";"2025-05-26 04:40:43";"2025-05-26 04:40:43"
1062;"Camino a Pescadores, San Luis, Municipio de San Luis, Juan Martín de Pueyrredón, San Luis, Argentina";"-33.31130709819115";"-66.39450073242189";"2025-05-26 04:46:56";"2025-05-26 04:46:56"
1063;"Gobernador Estrada, Burgos, San Martín, San Luis, Municipio de San Luis, Juan Martín de Pueyrredón, San Luis, D5700, Argentina";"-33.3059093524396";"-66.35795831680299";"2025-05-26 04:54:49";"2025-05-26 04:54:49"
1064;"Avenida Parque Gobernador José Santos Ortiz, San Luis, Municipio de San Luis, Municipio de Juana Koslay, Juan Martín de Pueyrredón, San Luis, 5702, Argentina";"-33.296780842753606";"-66.29107475280763";"2025-05-26 05:13:06";"2025-05-26 05:13:06"
1065;"Leandro N. Alem, Cerros Azules, San Luis, Municipio de San Luis, Juan Martín de Pueyrredón, San Luis, D5700HHW, Argentina";"-33.27330058287578";"-66.3234329223633";"2025-05-26 05:16:53";"2025-05-26 05:16:53"
1066;"Avenida Juan Gilberto Funes, Mercado, Matías Mercado, San Luis, Municipio de San Luis, Juan Martín de Pueyrredón, San Luis, 5702, Argentina";"-33.306895676446565";"-66.32373332977296";"2025-05-26 05:22:15";"2025-05-26 05:22:15"
1067;"Cuarto Centenario, Jardín del Sur, San Luis, Municipio de San Luis, Juan Martín de Pueyrredón, San Luis, D5700, Argentina";"-33.33275131755993";"-66.35926723480226";"2025-05-26 05:26:58";"2025-05-26 05:26:58"
1068;"América, Centro, Juana Koslay, Municipio de Juana Koslay, Juan Martín de Pueyrredón, San Luis, Argentina";"-33.29657458837462";"-66.27406954765321";"2025-05-26 05:31:07";"2025-05-26 05:31:07"
1069;"Zoilo Concha, Eva Perón, San Luis, Municipio de San Luis, Juan Martín de Pueyrredón, San Luis, D5700HHW, Argentina";"-33.26883341654833";"-66.31193161010744";"2025-05-26 05:35:35";"2025-05-26 05:35:35"
1070;"Héroes de Malvinas, San Cayetano, San Luis, Municipio de San Luis, Juan Martín de Pueyrredón, San Luis, D5702FJX, Argentina";"-33.29482589035056";"-66.31534337997438";"2025-05-26 05:38:51";"2025-05-26 05:38:51"
1071;"776, Avenida Lafinur, Cuatro Avenidas, Antártida Argentina, San Luis, Municipio de San Luis, Juan Martín de Pueyrredón, San Luis, D5700, Argentina";"-33.3035600630574";"-66.34643554687501";"2025-05-26 05:42:29";"2025-05-26 05:42:29"
1072;"25 de Mayo, Rawson, San Luis, Municipio de San Luis, Juan Martín de Pueyrredón, San Luis, D5700, Argentina";"-33.3108318947865";"-66.35193943977357";"2025-05-26 05:51:52";"2025-05-26 05:51:52"
1073;"Fátima, Centro, Juana Koslay, Municipio de Juana Koslay, Juan Martín de Pueyrredón, San Luis, 5700, Argentina";"-33.286503400974716";"-66.26075506210329";"2025-05-26 05:57:07";"2025-05-26 05:57:07"
1074;"Ruta Provincial 9, Las Chacras, Juana Koslay, Municipio de Juana Koslay, Juan Martín de Pueyrredón, San Luis, 5700, Argentina";"-33.25433597764831";"-66.227023601532";"2025-05-26 06:04:58";"2025-05-26 06:04:58"
1075;"Martin Güemes Este, Pueblo Nuevo, San Luis, Municipio de San Luis, Juan Martín de Pueyrredón, San Luis, D5700HHW, Argentina";"-33.28869171863405";"-66.32349729537965";"2025-05-26 06:24:51";"2025-05-26 06:24:51"
1076;"Belgrano, Quines, Municipio de Quines, Ayacucho, San Luis, 5711, Argentina";"-32.238359405722655";"-65.80724716186525";"2025-05-26 06:29:20";"2025-05-26 06:29:20"
1077;"531, Pringles, Cuatro Avenidas, La Merced, San Luis, Municipio de San Luis, Juan Martín de Pueyrredón, San Luis, D5702JRP, Argentina";"-33.30172183448605";"-66.33116841316225";"2025-05-26 06:31:44";"2025-05-26 06:31:44"
1078;"771, Pedernera, Cuatro Avenidas, San Luis, Municipio de San Luis, Juan Martín de Pueyrredón, San Luis, D5702JRP, Argentina";"-33.30011671541499";"-66.33459091186525";"2025-05-26 06:38:40";"2025-05-26 06:38:40"
1079;"Avenida de la Fuerza Aérea, AMEP, San Luis, Municipio de San Luis, Juan Martín de Pueyrredón, San Luis, D5700HHW, Argentina";"-33.267541663208995";"-66.34386062622072";"2025-05-26 06:42:26";"2025-05-26 06:42:26"
1080;"200, Colón, Cuatro Avenidas, San Luis, Municipio de San Luis, Juan Martín de Pueyrredón, San Luis, D5702JRP, Argentina";"-33.308760694985864";"-66.33304595947267";"2025-05-26 06:46:58";"2025-05-26 06:46:58"
1081;"Distrito San Miguel, Departamento Lavalle, Mendoza, Argentina";"-32.37996146435729";"-67.33520507812501";"2025-05-26 06:53:31";"2025-05-26 06:53:31"
1082;"Cerro la Gloria, Cerro de la Cruz, San Luis, Municipio de San Luis, Juan Martín de Pueyrredón, San Luis, D5700HHW, Argentina";"-33.267254604316584";"-66.30489349365236";"2025-05-26 06:56:16";"2025-05-26 06:56:16"
1083;"Serranías 9, Mugica, Serranias Puntanas, San Luis, Municipio de San Luis, Juan Martín de Pueyrredón, San Luis, 5702, Argentina";"-33.33117366186508";"-66.32626533508302";"2025-05-26 07:01:28";"2025-05-26 07:01:28"
1084;"Avenida Presidente Juan D. Perón, Cuatro Avenidas, San Luis, Municipio de San Luis, Juan Martín de Pueyrredón, San Luis, D5702FJX, Argentina";"-33.296673231834106";"-66.32798194885255";"2025-05-26 07:07:54";"2025-05-26 07:07:54"
1085;"Los Molles, Belgrano, San Luis, Argentina";"-33.099738780278216";"-66.2937355041504";"2025-05-26 07:15:10";"2025-05-26 07:15:10"
1086;"1131, Ituzaingó, Cuatro Avenidas, San Luis, Municipio de San Luis, Juan Martín de Pueyrredón, San Luis, D5702FJX, Argentina";"-33.29613517524546";"-66.33019208908082";"2025-05-26 07:21:00";"2025-05-26 07:21:00"
1087;"1189, Mitre, Cuatro Avenidas, San Luis, Municipio de San Luis, Juan Martín de Pueyrredón, San Luis, D5702JRP, Argentina";"-33.296888453540355";"-66.34240150451662";"2025-05-26 07:25:16";"2025-05-26 07:25:16"
1088;"Avenida Parque Gobernador José Santos Ortiz, San Luis, Municipio de San Luis, Municipio de Juana Koslay, Juan Martín de Pueyrredón, San Luis, 5702, Argentina";"-33.29674497246185";"-66.28652572631837";"2025-05-26 07:29:51";"2025-05-26 07:29:51"
1089;"Pablo Lucero, Eva Perón, San Luis, Municipio de San Luis, Juan Martín de Pueyrredón, San Luis, D5700HHW, Argentina";"-33.262123267446526";"-66.3142490386963";"2025-05-26 07:35:26";"2025-05-26 07:35:26"
1090;"1535, Pringles, Cuatro Avenidas, La Merced, San Luis, Municipio de San Luis, Juan Martín de Pueyrredón, San Luis, D5702JRP, Argentina";"-33.304223609219676";"-66.34523391723634";"2025-05-26 07:40:09";"2025-05-26 07:40:09"
1091;"1600, Pedernera, Cuatro Avenidas, Antártida Argentina, San Luis, Municipio de San Luis, Juan Martín de Pueyrredón, San Luis, D5702JRP, Argentina";"-33.30130038150033";"-66.34707927703859";"2025-05-26 07:56:02";"2025-05-26 07:56:02"
1092;"1054, Constitución, Cuatro Avenidas, Antártida Argentina, San Luis, Municipio de San Luis, Juan Martín de Pueyrredón, San Luis, D5702JRP, Argentina";"-33.298825425002065";"-66.34465456008913";"2025-05-26 07:59:38";"2025-05-26 07:59:38"
1093;"Fátima, Centro, Juana Koslay, Municipio de Juana Koslay, Juan Martín de Pueyrredón, San Luis, 5700, Argentina";"-33.28666483611942";"-66.26071214675905";"2025-05-26 08:04:31";"2025-05-26 08:04:31"
1094;"350, Montevideo, San Antonio, Las Mirandas, Municipio de Villa Mercedes, General Pedernera, San Luis, 5730, Argentina";"-33.684353657331016";"-65.47714233398439";"2025-05-26 08:08:08";"2025-05-26 08:08:08"
1095;"Avenida Lafinur Sur, La Merced, San Luis, Municipio de San Luis, Juan Martín de Pueyrredón, San Luis, D5700, Argentina";"-33.316130714464";"-66.34336709976198";"2025-05-26 08:10:28";"2025-05-26 08:10:28"
1096;"Eva Perón, San Luis, Municipio de San Luis, Juan Martín de Pueyrredón, San Luis, D5700HHW, Argentina";"-33.2751304404481";"-66.31103038787843";"2025-05-26 08:19:48";"2025-05-26 08:19:48"
1097;"Avenida Eva Perón, Pabellón Argentino, San Luis, Municipio de San Luis, Juan Martín de Pueyrredón, San Luis, D5702JRP, Argentina";"-33.28754375555722";"-66.34780883789064";"2025-05-26 08:22:09";"2025-05-26 08:22:09"
1098;"Ruta Nacional 146, El Milagro, Belgrano, San Luis, Argentina";"-33.11048749999956";"-66.36261463165285";"2025-05-26 10:03:41";"2025-05-26 10:03:41"
1099;"Belgrano, La Merced, Rawson, San Luis, Municipio de San Luis, Juan Martín de Pueyrredón, San Luis, D5700, Argentina";"-33.306483215037176";"-66.34879589080812";"2025-05-26 10:09:14";"2025-05-26 10:09:14"
1100;"Victoria Ocampo, Frente Americano, San Luis, Municipio de San Luis, Juan Martín de Pueyrredón, San Luis, 5702, Argentina";"-33.315090700810615";"-66.32240295410158";"2025-05-26 10:17:18";"2025-05-26 10:17:18"
1101;"Victoria Ocampo, Frente Americano, San Luis, Municipio de San Luis, Juan Martín de Pueyrredón, San Luis, 5702, Argentina";"-33.315090700810615";"-66.32240295410158";"2025-05-26 10:17:20";"2025-05-26 10:17:20"
1102;"Avenida Justo Daract, Funes, Juan Gilberto Funes, San Luis, Municipio de San Luis, Juan Martín de Pueyrredón, San Luis, D5700HHW, Argentina";"-33.26520928239711";"-66.33956909179689";"2025-05-26 10:23:48";"2025-05-26 10:23:48"
1103;"Pueyrredón, Belgrano, Municipio de Villa Mercedes, General Pedernera, San Luis, D5730, Argentina";"-33.65051168108172";"-65.46031951904298";"2025-05-26 10:33:16";"2025-05-26 10:33:16"
1104;"3, República del Líbano, Cuatro Avenidas, San Luis, Municipio de San Luis, Juan Martín de Pueyrredón, San Luis, D5702FJX, Argentina";"-33.298690914484716";"-66.3223707675934";"2025-05-26 10:42:43";"2025-05-26 10:42:43"
1105;"Chacho Peñaloza, Payer, Pedro Payer, San Luis, Municipio de San Luis, Juan Martín de Pueyrredón, San Luis, 5702, Argentina";"-33.29704986947157";"-66.30575180053712";"2025-05-26 14:06:32";"2025-05-26 14:06:32"
1106;"Autopista de los Comechingones, Tilisarao, Municipio de Tilisarao, Chacabuco, San Luis, Argentina";"-32.742526103474";"-65.27732849121095";"2025-05-26 18:08:45";"2025-05-26 18:08:45"
1107;"Sargento Baigorria, Di Pasquo, Monseñor Di Pasquo, San Luis, Municipio de San Luis, Juan Martín de Pueyrredón, San Luis, D5700HHW, Argentina";"-33.27463710027076";"-66.3413178920746";"2025-05-26 18:23:50";"2025-05-26 18:23:50"
1108;"365, Avenida Presidente Illia, Cuatro Avenidas, San Luis, Municipio de San Luis, Juan Martín de Pueyrredón, San Luis, D5702JRP, Argentina";"-33.30038573184488";"-66.34371042251588";"2025-05-26 18:58:03";"2025-05-26 18:58:03"
1109;"Aguada de Pueyrredón, Cerros del Sol, San Luis, Municipio de San Luis, Juan Martín de Pueyrredón, San Luis, D5700HHW, Argentina";"-33.29109521741501";"-66.29158973693849";"2025-05-27 04:56:19";"2025-05-27 04:56:19"
1110;"Avenida Parque Gobernador José Santos Ortiz, Tibiletti, Monseñor Tibiletti, San Luis, Municipio de San Luis, Juan Martín de Pueyrredón, San Luis, 5702, Argentina";"-33.29828738168813";"-66.30422830581666";"2025-05-27 05:03:36";"2025-05-27 05:03:36"
1111;"Ruta Nacional 7, Municipio de Desaguadero, Juan Martín de Pueyrredón, San Luis, Argentina";"-33.40966319712307";"-67.13951110839845";"2025-05-27 05:06:37";"2025-05-27 05:06:37"
1112;"GEPU, Fernández Prado, Parque Centenario, Eusebio Castaño, San Luis, Municipio de San Luis, Juan Martín de Pueyrredón, San Luis, D5700HHW, Argentina";"-33.279633161953214";"-66.31184577941896";"2025-05-27 05:12:05";"2025-05-27 05:12:05"
1113;"Ruta Nacional 146, Pozo del Carril, San Luis, Municipio de San Luis, Municipio de La Punta, Juan Martín de Pueyrredón, San Luis, Argentina";"-33.2575299270134";"-66.33901119232179";"2025-05-27 05:17:15";"2025-05-27 05:17:15"
1114;"Centro, Juana Koslay, Municipio de Juana Koslay, Juan Martín de Pueyrredón, San Luis, 5700, Argentina";"-33.285767970425375";"-66.25305175781251";"2025-05-27 05:19:47";"2025-05-27 05:19:47"
1115;"Jardín del Sur, San Luis, Municipio de San Luis, Juan Martín de Pueyrredón, San Luis, D5700, Argentina";"-33.31778036584307";"-66.3346552848816";"2025-05-27 05:27:12";"2025-05-27 05:27:12"
1116;"Centro Municipal de Convenciones ""Monseñor Enrique Angelelli"", 2, Avenida Ejército de los Andes, Zabala Ortiz, San Luis, Municipio de San Luis, Juan Martín de Pueyrredón, San Luis, D5702JRP, Argentina";"-33.29209964505172";"-66.33926868438722";"2025-05-27 05:36:21";"2025-05-27 05:36:21"
1117;"748, Las Heras, Centro, Sarmiento, Municipio de Villa Mercedes, General Pedernera, San Luis, 5730, Argentina";"-33.678639851675534";"-65.46752929687501";"2025-05-27 05:43:58";"2025-05-27 05:43:58"
1118;"San José de Flores, Jardín del Sur, San Luis, Municipio de San Luis, Juan Martín de Pueyrredón, San Luis, D5700, Argentina";"-33.31865897177031";"-66.33411884307863";"2025-05-27 05:47:48";"2025-05-27 05:47:48"
1119;"421, Rivadavia, Cuatro Avenidas, San Luis, Municipio de San Luis, Juan Martín de Pueyrredón, San Luis, D5700, Argentina";"-33.30655494759634";"-66.33502006530763";"2025-05-27 05:53:30";"2025-05-27 05:53:30"
1120;"Granadero Dionisio Gervasio Escudero, Garro, San Luis, Municipio de San Luis, Juan Martín de Pueyrredón, San Luis, 5702, Argentina";"-33.31883827801427";"-66.31820797920228";"2025-05-27 05:57:09";"2025-05-27 05:57:09"
1121;"La Pancha Hernández, Las Chacras, Juana Koslay, Municipio de Juana Koslay, Juan Martín de Pueyrredón, San Luis, 5700, Argentina";"-33.271165700571466";"-66.23401880264284";"2025-05-27 05:59:19";"2025-05-27 05:59:19"
1122;"Cubo, Avenida Teniente Juan D. Perón, Las Chacras, Juana Koslay, Municipio de Juana Koslay, Juan Martín de Pueyrredón, San Luis, 5700, Argentina";"-33.27073512974797";"-66.233868598938";"2025-05-27 06:01:37";"2025-05-27 06:01:37"
1123;"491, San Martín, Cuatro Avenidas, San Luis, Municipio de San Luis, Juan Martín de Pueyrredón, San Luis, D5700, Argentina";"-33.30598108547082";"-66.33658647537233";"2025-05-27 06:04:30";"2025-05-27 06:04:30"
1124;"Tucumán, Sucre, San Luis, Municipio de San Luis, Juan Martín de Pueyrredón, San Luis, D5700HHW, Argentina";"-33.27807248398465";"-66.32753133773805";"2025-05-27 06:07:21";"2025-05-27 06:07:21"
1125;"21, Maipú, Cuatro Avenidas, San Luis, Municipio de San Luis, Juan Martín de Pueyrredón, San Luis, D5702JRP, Argentina";"-33.30992631131639";"-66.3298273086548";"2025-05-27 06:11:38";"2025-05-27 06:11:38"
1126;"11, Falucho, Cuatro Avenidas, Antártida Argentina, San Luis, Municipio de San Luis, Juan Martín de Pueyrredón, San Luis, D5700, Argentina";"-33.31378170047287";"-66.34253025054933";"2025-05-27 06:15:34";"2025-05-27 06:15:34"
1127;"744, Pedernera, Cuatro Avenidas, San Luis, Municipio de San Luis, Juan Martín de Pueyrredón, San Luis, D5702JRP, Argentina";"-33.299865632665174";"-66.33433341979982";"2025-05-27 06:42:29";"2025-05-27 06:42:29"
1128;"Avenida Italia, Zabala Ortiz, San Luis, Municipio de San Luis, Juan Martín de Pueyrredón, San Luis, D5702JRP, Argentina";"-33.28483522032625";"-66.3431739807129";"2025-05-27 06:45:08";"2025-05-27 06:45:08"
1129;"Lamadrid, AMPPYA, Cuatro Avenidas, San Luis, Municipio de San Luis, Juan Martín de Pueyrredón, San Luis, D5702FJX, Argentina";"-33.29796455410678";"-66.32596492767335";"2025-05-27 06:48:15";"2025-05-27 06:48:15"
1130;"571, Chacabuco, Cuatro Avenidas, San Luis, Municipio de San Luis, Juan Martín de Pueyrredón, San Luis, D5700, Argentina";"-33.305209952292934";"-66.3384532928467";"2025-05-27 06:55:01";"2025-05-27 06:55:01"
1131;"309, Bolívar, Cuatro Avenidas, Antártida Argentina, San Luis, Municipio de San Luis, Juan Martín de Pueyrredón, San Luis, D5702JRP, Argentina";"-33.29656562078187";"-66.32841110229494";"2025-05-27 07:00:27";"2025-05-27 07:00:27"
1132;"CGT, San Luis, Municipio de San Luis, Juan Martín de Pueyrredón, San Luis, D5700, Argentina";"-33.30822271296245";"-66.36205673217775";"2025-05-27 07:03:20";"2025-05-27 07:03:20"
1133;"1555, 25 de Mayo, Cuatro Avenidas, San Luis, Municipio de San Luis, Juan Martín de Pueyrredón, San Luis, D5700, Argentina";"-33.30954972928273";"-66.34409666061403";"2025-05-27 07:06:37";"2025-05-27 07:06:37"
1134;"929, Rivadavia, Cuatro Avenidas, San Luis, Municipio de San Luis, Juan Martín de Pueyrredón, San Luis, D5702JRP, Argentina";"-33.299793894603894";"-66.336886882782";"2025-05-27 07:10:11";"2025-05-27 07:10:11"
1135;"Villa de la Quebrada, Comisión Municipal de Villa de la Quebrada, Belgrano, San Luis, Argentina";"-33.014997208199034";"-66.29184722900392";"2025-05-27 07:15:21";"2025-05-27 07:15:21"
1136;"Avenida Justo Daract, Zabala Ortiz, San Luis, Municipio de San Luis, Juan Martín de Pueyrredón, San Luis, D5702FJX, Argentina";"-33.29030601616034";"-66.33669376373292";"2025-05-27 07:20:49";"2025-05-27 07:20:49"
1137;"Avenida de la Fuerza Aérea, AMEP, San Luis, Municipio de San Luis, Juan Martín de Pueyrredón, San Luis, D5700HHW, Argentina";"-33.26739813388073";"-66.34386062622072";"2025-05-27 07:26:19";"2025-05-27 07:26:19"
1138;"Francia, Di Pasquo, Monseñor Di Pasquo, San Luis, Municipio de San Luis, Juan Martín de Pueyrredón, San Luis, D5700HHW, Argentina";"-33.276368263529925";"-66.34210109710695";"2025-05-27 07:27:55";"2025-05-27 07:27:55"
1139;"Uriburu, Justo Daract, Municipio de Justo Daract, General Pedernera, San Luis, D5738, Argentina";"-33.86414397991936";"-65.18325805664064";"2025-05-27 07:34:42";"2025-05-27 07:34:42"
1140;"1397, Maipú, Cuatro Avenidas, San Luis, Municipio de San Luis, Juan Martín de Pueyrredón, San Luis, D5702JRP, Argentina";"-33.29290676602366";"-66.33480548858644";"2025-05-27 07:37:48";"2025-05-27 07:37:48"
1141;"Avenida Eva Perón, Francia, San Luis, Municipio de San Luis, Juan Martín de Pueyrredón, San Luis, D5700HHW, Argentina";"-33.28440471691822";"-66.3433885574341";"2025-05-27 07:40:09";"2025-05-27 07:40:09"
1142;"Nicaragua, Jardín Jubilados, San Luis, Municipio de San Luis, Juan Martín de Pueyrredón, San Luis, D5702JRP, Argentina";"-33.28379483345508";"-66.3516926765442";"2025-05-27 07:45:39";"2025-05-27 07:45:39"
1143;"Alfonsina Storni, Centro, Juana Koslay, Municipio de Juana Koslay, Juan Martín de Pueyrredón, San Luis, 5700, Argentina";"-33.286987705512956";"-66.25693559646608";"2025-05-27 08:03:29";"2025-05-27 08:03:29"
1144;"701, San Martín, Cuatro Avenidas, San Luis, Municipio de San Luis, Juan Martín de Pueyrredón, San Luis, D5702JRP, Argentina";"-33.30273510673463";"-66.33748769760133";"2025-05-27 08:09:52";"2025-05-27 08:09:52"
1145;"1141, Mitre, Cuatro Avenidas, San Luis, Municipio de San Luis, Juan Martín de Pueyrredón, San Luis, D5702JRP, Argentina";"-33.297390635456644";"-66.3422727584839";"2025-05-27 08:12:20";"2025-05-27 08:12:20"
1146;"564, San Martín, Cuatro Avenidas, San Luis, Municipio de San Luis, Juan Martín de Pueyrredón, San Luis, D5702JRP, Argentina";"-33.304940950742946";"-66.3367795944214";"2025-05-27 08:15:50";"2025-05-27 08:15:50"
1147;"Alto Bella Vista, Cerros del Sol, Terrazas del Portezuelo, San Luis, Municipio de San Luis, Juan Martín de Pueyrredón, San Luis, 5702, Argentina";"-33.29618898105366";"-66.29461526870729";"2025-05-27 08:19:05";"2025-05-27 08:19:05"
1148;"Avenida Centenario, Sucre, San Luis, Municipio de San Luis, Juan Martín de Pueyrredón, San Luis, D5700HHW, Argentina";"-33.27907706150902";"-66.32497787475587";"2025-05-27 08:21:30";"2025-05-27 08:21:30"
1149;"Riobamba, 70 Viviendas, San Luis, Municipio de San Luis, Juan Martín de Pueyrredón, San Luis, D5700HHW, Argentina";"-33.27328264290581";"-66.31768226623537";"2025-05-31 04:03:57";"2025-05-31 04:03:57"
1150;"Autopista de las Serranías Puntanas, San Luis, Municipio de San Luis, Juan Martín de Pueyrredón, San Luis, D5700, Argentina";"-33.32912983814557";"-66.38471603393556";"2025-05-31 04:10:51";"2025-05-31 04:10:51"
1151;"Martín de Loyola Este, ATE 3, San Luis, Municipio de San Luis, Juan Martín de Pueyrredón, San Luis, D5700HHW, Argentina";"-33.28325669744843";"-66.31811141967775";"2025-05-31 04:15:51";"2025-05-31 04:15:51"
1152;"Ruta Provincial 3, Mugica, Serranias Puntanas, San Luis, Municipio de San Luis, Juan Martín de Pueyrredón, San Luis, 5702, Argentina";"-33.326942535090716";"-66.32403373718263";"2025-05-31 04:18:28";"2025-05-31 04:18:28"
1153;"1597, Tomás Jofré, Cuatro Avenidas, Antártida Argentina, San Luis, Municipio de San Luis, Juan Martín de Pueyrredón, San Luis, D5702JRP, Argentina";"-33.29538189044609";"-66.34860277175905";"2025-05-31 04:22:11";"2025-05-31 04:22:11"
1154;"Avenida de la Fuerza Aérea, Jardín Aeropuerto, San Luis, Municipio de San Luis, Juan Martín de Pueyrredón, San Luis, D5700HHW, Argentina";"-33.28124762704105";"-66.34407520294191";"2025-05-31 04:33:09";"2025-05-31 04:33:09"
1155;"Avenida El Cardenal, Lafinur, Juan C. Lafinur, San Luis, Municipio de San Luis, Juan Martín de Pueyrredón, San Luis, D5700HHW, Argentina";"-33.26441984709058";"-66.29982948303224";"2025-05-31 04:42:09";"2025-05-31 04:42:09"
1156;"597, San Martín, Cuatro Avenidas, San Luis, Municipio de San Luis, Juan Martín de Pueyrredón, San Luis, D5702JRP, Argentina";"-33.30442087872677";"-66.33697271347047";"2025-05-31 04:44:40";"2025-05-31 04:44:40"
1157;"Avenida del Fundador, Edén, San Luis, Municipio de San Luis, Juan Martín de Pueyrredón, San Luis, 5702, Argentina";"-33.29418917621137";"-66.30559086799623";"2025-05-31 04:46:57";"2025-05-31 04:46:57"
1158;"1396, San Martín, Cuatro Avenidas, San Luis, Municipio de San Luis, Juan Martín de Pueyrredón, San Luis, D5702JRP, Argentina";"-33.29344484252358";"-66.34008407592775";"2025-05-31 04:51:19";"2025-05-31 04:51:19"
1159;"600, Tucumán, Pringles, Villa Mercedes, Municipio de Villa Mercedes, General Pedernera, San Luis, 5730, Argentina";"-33.68778175843937";"-65.45379638671876";"2025-05-31 04:54:03";"2025-05-31 04:54:03"
1160;"901, Pedernera, Cuatro Avenidas, San Luis, Municipio de San Luis, Juan Martín de Pueyrredón, San Luis, D5702JRP, Argentina";"-33.300170518767345";"-66.33680105209352";"2025-05-31 04:57:24";"2025-05-31 04:57:24"
1161;"482, Italia, 9 de Julio, Municipio de Villa Mercedes, General Pedernera, San Luis, 5730, Argentina";"-33.68549637289138";"-65.45928955078126";"2025-05-31 05:04:57";"2025-05-31 05:04:57"
1162;"1099, Avenida Presidente Juan D. Perón, Cuatro Avenidas, San Luis, Municipio de San Luis, Juan Martín de Pueyrredón, San Luis, D5702FJX, Argentina";"-33.29645800959688";"-66.32823944091798";"2025-05-31 05:24:38";"2025-05-31 05:24:38"
1163;"Hospital del Cerro, Las Flores, Cerro de la Cruz, San Luis, Municipio de San Luis, Juan Martín de Pueyrredón, San Luis, 5700, Argentina";"-33.270932474972284";"-66.30788683891298";"2025-05-31 05:26:42";"2025-05-31 05:26:42"
1164;"Autopista 25 de Mayo, Cerro de la Cruz, San Luis, Municipio de San Luis, Juan Martín de Pueyrredón, San Luis, D5700HHW, Argentina";"-33.27324676295485";"-66.30708217620851";"2025-05-31 05:30:27";"2025-05-31 05:30:27"
1165;"Hilario Ascasubi, Jardín del Sur, Cuatro Avenidas, San Luis, Municipio de San Luis, Juan Martín de Pueyrredón, San Luis, 5702, Argentina";"-33.308025452055546";"-66.32212400436403";"2025-05-31 05:34:45";"2025-05-31 05:34:45"
1166;"Avenida Eva Perón, San Cayetano, Pedro Payer, San Luis, Municipio de San Luis, Juan Martín de Pueyrredón, San Luis, 5702, Argentina";"-33.29435956495751";"-66.30978584289552";"2025-05-31 05:38:31";"2025-05-31 05:38:31"
1167;"1053, Rivadavia, Cuatro Avenidas, San Luis, Municipio de San Luis, Juan Martín de Pueyrredón, San Luis, D5702JRP, Argentina";"-33.29819770747982";"-66.3373374938965";"2025-05-31 05:42:11";"2025-05-31 05:42:11"
1168;"Las Chacras, Juana Koslay, Municipio de Juana Koslay, Juan Martín de Pueyrredón, San Luis, 5700, Argentina";"-33.26707519202968";"-66.22631549835206";"2025-05-31 05:45:30";"2025-05-31 05:45:30"
1169;"949, Pasaje José Hernández, La Rioja, San Martín, Villa Mercedes, Municipio de Villa Mercedes, General Pedernera, San Luis, 5730, Argentina";"-33.67521138600845";"-65.4668426513672";"2025-05-31 05:53:25";"2025-05-31 05:53:25"
1170;"Avenida Cruz de Piedra, Municipio de Juana Koslay, Juan Martín de Pueyrredón, San Luis, 5700, Argentina";"-33.26398924300686";"-66.21854782104494";"2025-05-31 05:59:03";"2025-05-31 05:59:03"
1171;"Las Chacras, Municipio de Juana Koslay, Juan Martín de Pueyrredón, San Luis, 5700, Argentina";"-33.26416866163307";"-66.21837615966798";"2025-05-31 06:03:56";"2025-05-31 06:03:56"
1172;"599, Caseros, Cuatro Avenidas, San Luis, Municipio de San Luis, Juan Martín de Pueyrredón, San Luis, D5700, Argentina";"-33.30533548606563";"-66.34122133255006";"2025-05-31 06:06:04";"2025-05-31 06:06:04"
1173;"1299, Pringles, Cuatro Avenidas, La Merced, San Luis, Municipio de San Luis, Juan Martín de Pueyrredón, San Luis, D5702JRP, Argentina";"-33.30357799680383";"-66.34167194366456";"2025-05-31 06:11:05";"2025-05-31 06:11:05"
1174;"Avenida Eva Perón, San Cayetano, Pedro Payer, San Luis, Municipio de San Luis, Juan Martín de Pueyrredón, San Luis, 5702, Argentina";"-33.29466447030427";"-66.309871673584";"2025-05-31 06:13:39";"2025-05-31 06:13:39"
1175;"Área Comercial La Punta, La Punta, Municipio de La Punta, Juan Martín de Pueyrredón, San Luis, D5710, Argentina";"-33.18583537264943";"-66.3124465942383";"2025-05-31 06:19:36";"2025-05-31 06:19:36"
1176;"282, Héroes de Malvinas, Cuatro Avenidas, San Luis, Municipio de San Luis, Juan Martín de Pueyrredón, San Luis, D5702FJX, Argentina";"-33.29635936589404";"-66.32782101631166";"2025-05-31 06:23:07";"2025-05-31 06:23:07"
1177;"Paso de la Patria, Parque Centenario, San Luis, Municipio de San Luis, Juan Martín de Pueyrredón, San Luis, D5700HHW, Argentina";"-33.28094267481192";"-66.31656646728517";"2025-05-31 06:25:28";"2025-05-31 06:25:28"
1178;"Avenida Sucre, Nacional, Zabala Ortiz, San Luis, Municipio de San Luis, Juan Martín de Pueyrredón, San Luis, D5700HHW, Argentina";"-33.28447646763369";"-66.33028864860536";"2025-05-31 06:31:01";"2025-05-31 06:31:01"
1179;"299, Avenida Presidente Illia, Cuatro Avenidas, San Luis, Municipio de San Luis, Juan Martín de Pueyrredón, San Luis, D5702JRP, Argentina";"-33.30056507567055";"-66.34270191192628";"2025-05-31 06:35:08";"2025-05-31 06:35:08"
1180;"Avenida Parque, Rawson, Cuatro Avenidas, San Luis, Municipio de San Luis, Juan Martín de Pueyrredón, San Luis, D5700, Argentina";"-33.31661485451843";"-66.34064197540285";"2025-05-31 06:38:43";"2025-05-31 06:38:43"
1181;"América, Centro, Juana Koslay, Municipio de Juana Koslay, Juan Martín de Pueyrredón, San Luis, Argentina";"-33.2964759448036";"-66.27412319183351";"2025-05-31 06:45:36";"2025-05-31 06:45:36"
1182;"Caseros, Cuatro Avenidas, San Luis, Municipio de San Luis, Juan Martín de Pueyrredón, San Luis, D5702JRP, Argentina";"-33.30052023974869";"-66.34271264076234";"2025-06-02 11:31:54";"2025-06-02 11:31:54"
1183;"502, San Martín, Cuatro Avenidas, San Luis, Municipio de San Luis, Juan Martín de Pueyrredón, San Luis, D5702JRP, Argentina";"-33.30579278613802";"-66.33655428886415";"2025-06-02 11:44:56";"2025-06-02 11:44:56"
1184;"699, Rivadavia, Cuatro Avenidas, San Luis, Municipio de San Luis, Juan Martín de Pueyrredón, San Luis, D5702JRP, Argentina";"-33.30257370132398";"-66.33605003356935";"2025-06-02 11:55:37";"2025-06-02 11:55:37"
1185;"RP3, Sol y Sierras, San Luis, Municipio de San Luis, Juan Martín de Pueyrredón, San Luis, D5700HHW, Argentina";"-33.26847459809291";"-66.3042712211609";"2025-06-02 12:03:23";"2025-06-02 12:03:23"
1186;"1049, Balcarce, San Martín, Villa Mercedes, Municipio de Villa Mercedes, General Pedernera, San Luis, 5730, Argentina";"-33.67369353203255";"-65.46379566192628";"2025-06-02 12:14:10";"2025-06-02 12:14:10"
1187;"1200, Lavalle, Cuatro Avenidas, San Luis, Municipio de San Luis, Juan Martín de Pueyrredón, San Luis, D5702JRP, Argentina";"-33.29935898134435";"-66.34160757064821";"2025-06-02 12:29:36";"2025-06-02 12:29:36"
1188;"25 de Mayo, Rawson, San Luis, Municipio de San Luis, Juan Martín de Pueyrredón, San Luis, D5700, Argentina";"-33.310625673635236";"-66.35100603103639";"2025-06-02 12:37:12";"2025-06-02 12:37:12"
1189;"Balcarce, Cuatro Avenidas, San Luis, Municipio de San Luis, Juan Martín de Pueyrredón, San Luis, D5700, Argentina";"-33.31104708155476";"-66.34438633918764";"2025-06-02 12:38:34";"2025-06-02 12:38:34"
1190;"Avenida Eva Perón, Hernández, José Hernández, San Luis, Municipio de San Luis, Juan Martín de Pueyrredón, San Luis, D5702JRP, Argentina";"-33.287418196179495";"-66.34783029556276";"2025-06-02 12:51:27";"2025-06-02 12:51:27"
1191;"331, 25 de Mayo, Cuatro Avenidas, San Luis, Municipio de San Luis, Juan Martín de Pueyrredón, San Luis, D5700, Argentina";"-33.30651908132413";"-66.32612586021425";"2025-06-02 12:51:53";"2025-06-02 12:51:53"
1192;"603, Caseros, Cuatro Avenidas, San Luis, Municipio de San Luis, Juan Martín de Pueyrredón, San Luis, D5700, Argentina";"-33.305138218627405";"-66.34130716323854";"2025-06-02 13:14:05";"2025-06-02 13:14:05"
1193;"Avenida del Viento Chorrillero, El Bajo, Juana Koslay, Municipio de Juana Koslay, Juan Martín de Pueyrredón, San Luis, Argentina";"-33.29648042860471";"-66.27386569976808";"2025-06-03 11:02:11";"2025-06-03 11:02:11"
1194;"Avenida del Viento Chorrillero, Centro, Juana Koslay, Municipio de Juana Koslay, Juan Martín de Pueyrredón, San Luis, Argentina";"-33.29648939620622";"-66.27385497093202";"2025-06-03 11:09:12";"2025-06-03 11:09:12"
1195;"Juan Llerena, Sarmiento, San Martín, Municipio de Villa Mercedes, General Pedernera, San Luis, D5730, Argentina";"-33.67634529473057";"-65.46917080879213";"2025-06-03 11:18:21";"2025-06-03 11:18:21"
1196;"Constitución, Cuatro Avenidas, Antártida Argentina, San Luis, Municipio de San Luis, Juan Martín de Pueyrredón, San Luis, D5702JRP, Argentina";"-33.30013016625618";"-66.3442897796631";"2025-06-03 11:23:13";"2025-06-03 11:23:13"
1197;"Avenida Parque Gobernador José Santos Ortiz, Felix Bogado, Cuatro Avenidas, San Luis, Municipio de San Luis, Juan Martín de Pueyrredón, San Luis, 5702, Argentina";"-33.30947799918715";"-66.32641553878786";"2025-06-03 11:36:30";"2025-06-03 11:36:30"
1198;"Avenida Parque Gobernador José Santos Ortiz, Felix Bogado, Cuatro Avenidas, San Luis, Municipio de San Luis, Juan Martín de Pueyrredón, San Luis, 5702, Argentina";"-33.30944213411723";"-66.32627606391908";"2025-06-03 12:03:46";"2025-06-03 12:03:46"
1199;"Marcelino Poblet, Sosa Loyola, San Luis, Municipio de San Luis, Juan Martín de Pueyrredón, San Luis, D5700HHW, Argentina";"-33.282431549127324";"-66.33617877960206";"2025-06-03 12:13:48";"2025-06-03 12:13:48"
1200;"1599, Tomás Jofré, Cuatro Avenidas, Antártida Argentina, San Luis, Municipio de San Luis, Juan Martín de Pueyrredón, San Luis, D5702JRP, Argentina";"-33.29539982587404";"-66.34862422943117";"2025-06-03 12:17:30";"2025-06-03 12:17:30"
1201;"Avenida Sarmiento, Bajo Grande, San Luis, Municipio de San Luis, Juan Martín de Pueyrredón, San Luis, 5702, Argentina";"-33.30121967750479";"-66.3218665122986";"2025-06-03 12:36:39";"2025-06-03 12:36:39"
1202;"Domingo Felix Preti, Mugica, Serranias Puntanas, San Luis, Municipio de San Luis, Juan Martín de Pueyrredón, San Luis, D5700, Argentina";"-33.33207006065112";"-66.32650136947633";"2025-06-03 12:51:05";"2025-06-03 12:51:05"
1203;"Cuarto Centenario, Jardín del Sur, San Luis, Municipio de San Luis, Juan Martín de Pueyrredón, San Luis, D5700, Argentina";"-33.317063129949084";"-66.33631825447084";"2025-06-03 14:05:50";"2025-06-03 14:05:50"
1204;"Pringles, Cuatro Avenidas, La Merced, San Luis, Municipio de San Luis, Juan Martín de Pueyrredón, San Luis, D5702JRP, Argentina";"-33.30249748199845";"-66.33623242378236";"2025-06-03 14:13:19";"2025-06-03 14:13:19"
1205;"Yapeyú, San Cayetano, San Luis, Municipio de San Luis, Juan Martín de Pueyrredón, San Luis, D5700HHW, Argentina";"-33.293041";"-66.317328";"2025-06-04 13:28:16";"2025-06-04 13:28:16"
1206;"Martín de Loyola Este, AMPPYA, San Luis, Municipio de San Luis, Juan Martín de Pueyrredón, San Luis, D5700HHW, Argentina";"-33.282920";"-66.312559";"2025-06-16 11:22:23";"2025-06-16 11:22:23"
1207;"Domingo Felix Preti, Mugica, Serranias Puntanas, San Luis, Municipio de San Luis, Juan Martín de Pueyrredón, San Luis, D5700, Argentina";"-33.332142";"-66.326512";"2025-06-16 11:33:27";"2025-06-16 11:33:27"
1208;"151, Tomás Jofré, Cuatro Avenidas, San Luis, Municipio de San Luis, Juan Martín de Pueyrredón, San Luis, D5702FJX, Argentina";"-33.293714";"-66.325793";"2025-06-16 11:42:15";"2025-06-16 11:42:15"
1209;"Avenida de la Fuerza Aérea, Di Pasquo, Francia, San Luis, Municipio de San Luis, Juan Martín de Pueyrredón, San Luis, D5700HHW, Argentina";"-33.281037";"-66.343866";"2025-06-16 12:05:16";"2025-06-16 12:05:16"
1210;"400, Bolívar, Cuatro Avenidas, Antártida Argentina, San Luis, Municipio de San Luis, Juan Martín de Pueyrredón, San Luis, D5702JRP, Argentina";"-33.296566";"-66.330069";"2025-06-16 12:11:27";"2025-06-16 12:11:27"
1211;"1400, Pringles, Cuatro Avenidas, La Merced, San Luis, Municipio de San Luis, Juan Martín de Pueyrredón, San Luis, D5702JRP, Argentina";"-33.303793";"-66.343201";"2025-06-16 12:19:50";"2025-06-16 12:19:50"
1212;"Quinto Centenario, La Merced, Antártida Argentina, San Luis, Municipio de San Luis, Juan Martín de Pueyrredón, San Luis, D5700, Argentina";"-33.304206";"-66.349139";"2025-06-17 12:00:06";"2025-06-17 12:00:06"
1213;"Riobamba, Vialidad Nacional, San Luis, Municipio de San Luis, Juan Martín de Pueyrredón, San Luis, D5700HHW, Argentina";"-33.286719";"-66.316127";"2025-06-23 10:26:16";"2025-06-23 10:26:16"
1214;"Riobamba, Vialidad Nacional, San Luis, Municipio de San Luis, Juan Martín de Pueyrredón, San Luis, D5700HHW, Argentina";"-33.286719";"-66.316127";"2025-06-23 10:26:20";"2025-06-23 10:26:20"
1215;"Centro Educativo N°1 ""Juan Pascual Pringles"", 1055, Bolívar, Cuatro Avenidas, Antártida Argentina, San Luis, Municipio de San Luis, Juan Martín de Pueyrredón, San Luis, 5700, Argentina";"-33.297749";"-66.340492";"2025-06-23 10:39:27";"2025-06-23 10:39:27"
1216;"Coffe Host, Avenida España, Santa Rita, Cuatro Avenidas, San Luis, Municipio de San Luis, Juan Martín de Pueyrredón, San Luis, D5702JRP, Argentina";"-33.293481";"-66.340513";"2025-06-23 10:46:20";"2025-06-23 10:46:20"
1217;"Las Rosas, Primero de Mayo, San Luis, Municipio de San Luis, Juan Martín de Pueyrredón, San Luis, D5700, Argentina";"-33.308958";"-66.374931";"2025-06-23 10:52:35";"2025-06-23 10:52:35"
1218;"Aiello, Avenida La Serrana, Área Comercial La Punta, La Punta, Municipio de La Punta, Juan Martín de Pueyrredón, San Luis, D5710, Argentina";"-33.182010";"-66.313369";"2025-06-23 11:40:56";"2025-06-23 11:40:56"
1219;"Kennedy, Serranias Puntanas, San Luis, Municipio de San Luis, Juan Martín de Pueyrredón, San Luis, D5700, Argentina";"-33.326620";"-66.336565";"2025-06-23 11:51:03";"2025-06-23 11:51:03"
1220;"6, Ituzaingó, Cuatro Avenidas, San Luis, Municipio de San Luis, Juan Martín de Pueyrredón, San Luis, 5702, Argentina";"-33.309406";"-66.327639";"2025-06-23 12:50:55";"2025-06-23 12:50:55"
1221;"Boulevard Tobar García, Área Comercial La Punta, La Punta, Municipio de La Punta, Juan Martín de Pueyrredón, San Luis, D5710, Argentina";"-33.184830";"-66.317596";"2025-06-23 13:00:38";"2025-06-23 13:00:38"
1222;"Boulevard Tobar García, Área Comercial La Punta, La Punta, Municipio de La Punta, Juan Martín de Pueyrredón, San Luis, D5710, Argentina";"-33.184830";"-66.317596";"2025-06-23 13:00:40";"2025-06-23 13:00:40"
1223;"Oscar Barraza Díaz, La Ribera 161 Viviendas, Municipio de Villa Mercedes, General Pedernera, San Luis, D5730, Argentina";"-33.700565";"-65.501003";"2025-06-23 13:22:21";"2025-06-23 13:22:21"
1224;"RN146;RNV146, Pozo del Carril, Municipio de La Punta, Juan Martín de Pueyrredón, San Luis, 5710, Argentina";"-33.199464";"-66.353109";"2025-06-27 11:12:24";"2025-06-27 11:12:24"
1225;"Pasaje Carmen del Bosco, Complejo La Ribera, La Ribera 2.294 Viviendas, Municipio de Villa Mercedes, General Pedernera, San Luis, D5730, Argentina";"-33.687532";"-65.501175";"2025-06-30 12:48:53";"2025-06-30 12:48:53"
1226;"Autopista de las Serranías Puntanas, Municipio de Juana Koslay, Juan Martín de Pueyrredón, San Luis, Argentina";"-33.342683";"-66.126151";"2025-06-30 13:13:26";"2025-06-30 13:13:26"
1227;"401, 25 de Mayo, Cuatro Avenidas, San Luis, Municipio de San Luis, Juan Martín de Pueyrredón, San Luis, D5700, Argentina";"-33.307021";"-66.328465";"2025-06-30 13:19:37";"2025-06-30 13:19:37"
1228;"Ruta Provincial 3, Zanjitas, Comisión Municipal de Zanjitas, Juan Martín de Pueyrredón, San Luis, Argentina";"-33.446339";"-66.312103";"2025-06-30 14:08:11";"2025-06-30 14:08:11"
1229;"1291, San Martín, Cuatro Avenidas, San Luis, Municipio de San Luis, Juan Martín de Pueyrredón, San Luis, D5702JRP, Argentina";"-33.295203";"-66.339698";"2025-07-14 10:56:47";"2025-07-14 10:56:47"
1230;"299, Colón, Cuatro Avenidas, San Luis, Municipio de San Luis, Juan Martín de Pueyrredón, San Luis, D5702JRP, Argentina";"-33.307756";"-66.333325";"2025-07-14 11:07:24";"2025-07-14 11:07:24"
1231;"1089, Junín, Cuatro Avenidas, San Luis, Municipio de San Luis, Juan Martín de Pueyrredón, San Luis, D5702JRP, Argentina";"-33.301847";"-66.339108";"2025-07-14 11:19:09";"2025-07-14 11:19:09"
1232;"201, Avenida Presidente Juan D. Perón, Cuatro Avenidas, San Luis, Municipio de San Luis, Juan Martín de Pueyrredón, San Luis, 5702, Argentina";"-33.307712";"-66.324559";"2025-07-14 11:28:01";"2025-07-14 11:28:01"
1233;"Elpidio González Este, Cerros Azules, San Luis, Municipio de San Luis, Juan Martín de Pueyrredón, San Luis, D5700HHW, Argentina";"-33.274951";"-66.321298";"2025-07-14 11:40:28";"2025-07-14 11:40:28"
1234;"Alfio Vito Batti, Policial, San Luis, Municipio de San Luis, Juan Martín de Pueyrredón, San Luis, D5700, Argentina";"-33.316283";"-66.340288";"2025-07-14 12:18:45";"2025-07-14 12:18:45"
1235;"Avenida 25 de Mayo, Familia Unida, Almafuerte, Municipio de Villa Mercedes, General Pedernera, San Luis, 5730, Argentina";"-33.650208";"-65.461435";"2025-07-15 10:57:52";"2025-07-15 10:57:52"
1236;"Avenida Universitaria, La Candelaria, Municipio de La Punta, Juan Martín de Pueyrredón, San Luis, 5710, Argentina";"-33.15878657357174";"-66.32227420806886";"2025-07-15 11:07:39";"2025-07-15 11:07:39"
1237;"La Candelaria, Municipio de La Punta, Juan Martín de Pueyrredón, San Luis, 5710, Argentina";"-33.159038";"-66.322832";"2025-07-15 11:10:56";"2025-07-15 11:10:56"
1238;"RN146;RNV146, Pozo del Carril, Municipio de La Punta, Juan Martín de Pueyrredón, San Luis, 5710, Argentina";"-33.199482";"-66.353130";"2025-07-15 11:22:40";"2025-07-15 11:22:40"
1239;"Ituzaingó, Doctor Próspero Cantisani, San Luis, Municipio de San Luis, Juan Martín de Pueyrredón, San Luis, 5702, Argentina";"-33.309944";"-66.327295";"2025-07-15 11:32:05";"2025-07-15 11:32:05"
